date,price
31414,25.56
31415,26
31418,26.53
31419,25.85
31420,25.87
31421,26.03
31422,25.65
31425,25.08
31426,24.97
31427,25.18
31428,23.98
31429,23.63
31432,21.33
31433,20.61
31434,20.25
31435,19.93
31436,19.45
31439,20.87
31440,19.45
31441,19.61
31442,19.58
31443,18.95
31446,17.42
31447,15.58
31448,16.28
31449,16.6
31450,17.7
31453,16.78
31454,16.28
31455,15.74
31456,16.43
31457,16.03
31461,14.7
31462,15.08
31463,14.13
31464,13.63
31467,14.68
31468,14.68
31469,14.62
31470,14.05
31471,13.23
31474,11.98
31475,11.98
31476,12.03
31477,13.13
31478,12.24
31481,12.94
31482,13.23
31483,14.05
31484,12.6
31485,12.55
31488,13.28
31489,14.03
31490,13.25
31491,12.75
31492,13.95
31495,12.2
31496,12.43
31497,12.03
31498,11.35
31502,10.25
31503,11.13
31504,11.35
31505,11.7
31506,12.75
31509,14.39
31510,12.83
31511,13
31512,13.45
31513,13.63
31516,12.94
31517,12.72
31518,11.5
31519,11.75
31520,11.88
31523,12.48
31524,13.13
31525,13.7
31526,13.65
31527,14.23
31530,13.34
31531,13.63
31532,13.38
31533,13.8
31534,14.65
31537,14.32
31538,14.43
31539,15.13
31540,15.7
31541,15.83
31544,15.75
31545,15.65
31546,15.53
31547,15.68
31548,16.08
31551,17.13
31552,16.18
31553,15.53
31554,16.04
31555,16.95
31559,15.1
31560,14.65
31561,14.5
31562,14.3
31565,13.8
31566,13.35
31567,13.15
31568,13.21
31569,12.73
31572,12.61
31573,12.38
31574,13.52
31575,13.69
31576,13.83
31579,13.65
31580,13.65
31581,13.62
31582,13.73
31583,14.44
31586,14.05
31587,13.98
31588,13.23
31589,13.14
31590,13.38
31593,12.8
31594,12.39
31595,12.04
31596,11.7
31600,11.18
31601,11.19
31602,11
31603,11.13
31604,11.13
31607,11.23
31608,11.85
31609,12.68
31610,12.3
31611,12.8
31614,13.07
31615,10.88
31616,10.83
31617,10.95
31618,10.83
31621,11.09
31622,11.63
31623,11.73
31624,11.23
31625,11.56
31628,14
31629,14.35
31630,14.8
31631,15.18
31632,14.83
31635,14.92
31636,15.5
31637,15.28
31638,15.43
31639,15.83
31642,15.58
31643,14.98
31644,15.23
31645,15.23
31646,15.48
31649,15.48
31650,15.78
31651,15.83
31652,15.83
31653,15.93
31657,16.43
31658,16.03
31659,16.18
31660,15.63
31663,15.63
31664,15
31665,14.9
31666,15.05
31667,15.06
31670,14.31
31671,13.8
31672,14.03
31673,14.55
31674,14.47
31677,13.94
31678,14.3
31679,14.55
31680,14.28
31681,14.43
31684,14.93
31685,14.7
31686,15.23
31687,15.38
31688,14.86
31691,14.83
31692,15.6
31693,15.35
31694,15.05
31695,14.98
31699,14.55
31700,14.83
31701,14.53
31702,14.85
31705,15.17
31706,15.22
31707,14.85
31708,14.88
31709,14.93
31712,14.4
31713,14.18
31714,13.73
31715,15.08
31716,15.25
31719,14.7
31720,15.05
31721,14.93
31722,15.08
31723,15.15
31726,15.3
31727,15.39
31728,15.33
31729,15.55
31730,15.68
31733,15.62
31734,15.65
31735,15.52
31736,15.1
31737,15.13
31740,14.98
31741,15.05
31742,15
31744,15
31747,15.29
31748,15.22
31749,15.13
31750,15.2
31751,15.14
31754,15.01
31755,14.93
31756,15.12
31757,15.49
31758,16.13
31761,16.38
31762,16.11
31763,15.83
31764,16.28
31765,16.55
31768,16.95
31769,16.93
31770,17.26
31775,17.65
31776,17.73
31777,17.93
31779,18.13
31782,17.98
31783,18.21
31784,18.28
31785,18.63
31786,18.78
31789,19
31790,18.86
31791,19.13
31792,19.09
31793,19.13
31796,18.7
31797,18.73
31798,18.6
31799,18.76
31800,18.59
31803,18.63
31804,18.48
31805,18.56
31806,18.68
31807,18.73
31810,18.59
31811,18.38
31812,18.26
31813,18.56
31814,18.44
31817,18.37
31818,18.43
31819,18.03
31820,18.05
31821,17.83
31825,17.78
31826,17.44
31827,17.48
31828,17.83
31831,17.15
31832,16.75
31833,16.43
31834,16.98
31835,16.45
31838,16.43
31839,17.4
31840,17.4
31841,18
31842,18.13
31845,18.13
31846,18.27
31847,18.33
31848,18.42
31849,18.39
31852,18.61
31853,18.94
31854,18.75
31855,18.61
31856,18.7
31859,18.6
31861,18.48
31862,18.63
31863,18.65
31866,18.67
31867,18.82
31868,18.78
31869,18.9
31870,18.68
31873,18.71
31874,18.69
31875,18.68
31876,18.64
31877,18.26
31880,18.07
31881,18.09
31882,18.46
31883,18.58
31887,18.66
31888,18.97
31889,19.03
31890,19.03
31891,19.01
31894,18.83
31895,18.73
31896,18.66
31897,18.76
31898,18.84
31901,18.93
31902,19.18
31903,19.22
31904,19.08
31905,19.28
31908,19.43
31909,19.37
31910,19.39
31911,19.56
31912,19.84
31915,19.91
31916,19.97
31917,19.75
31918,19.95
31919,19.68
31923,19.35
31924,19.38
31925,19.28
31926,19.36
31929,19.55
31930,19.7
31931,19.87
31932,19.75
31933,19.79
31936,19.94
31937,19.84
31938,19.83
31939,19.85
31940,19.93
31943,20.07
31944,20.27
31945,20.41
31946,20.5
31947,20.65
31950,20.49
31951,19.95
31952,20.13
31953,20.15
31954,20.34
31957,20.38
31958,20.22
31959,20.47
31960,20.61
31961,20.61
31964,20.92
31965,20.76
31966,20.94
31967,21.32
31968,21.34
31971,21.38
31972,21.65
31973,22.23
31974,22.44
31975,22.44
31978,22.23
31979,21.75
31980,21.73
31981,21.23
31982,20.58
31985,20.5
31986,21.35
31987,21.49
31988,21.47
31989,21.43
31992,22.21
31993,21.82
31994,21.37
31995,21.17
31996,21.01
31999,20.7
32000,21.07
32001,20.96
32002,20.76
32003,20.53
32006,19.85
32007,19.84
32008,19.71
32009,19.47
32010,19.2
32013,19.18
32014,19.3
32015,19.49
32016,19.69
32017,19.44
32020,19.76
32021,19.61
32022,19.62
32023,19.48
32024,19.34
32027,19.34
32028,18.99
32029,19.43
32030,19.72
32031,19.42
32034,19.64
32035,19.66
32036,19.71
32037,19.58
32038,19.58
32041,19.77
32042,19.35
32043,19.66
32044,19.61
32045,19.47
32048,19.48
32049,19.58
32050,19.62
32051,19.62
32052,19.88
32055,19.81
32056,19.33
32057,19.68
32058,19.77
32059,19.67
32062,19.67
32063,19.66
32064,19.79
32065,19.77
32066,20.23
32069,19.79
32070,19.79
32071,19.93
32072,20.19
32073,20.18
32076,20
32077,20.15
32078,20.1
32079,19.93
32080,19.96
32083,19.64
32084,19.39
32085,19.09
32086,19.02
32087,18.73
32090,18.66
32091,18.98
32092,18.92
32093,18.93
32094,18.89
32097,18.69
32098,18.28
32099,18.62
32100,18.55
32101,18.87
32104,19.31
32105,18.73
32106,18.63
32108,18.63
32111,18.52
32112,18.44
32113,18.59
32114,18.87
32115,18.68
32118,18.3
32119,18.06
32120,18.53
32121,18.51
32122,18.31
32125,17.47
32126,16.75
32127,15.97
32128,15.97
32129,15.57
32132,15.12
32133,16.6
32134,16.64
32135,16.54
32139,16.46
32140,16.95
32141,16.97
32142,16.74
32146,17.77
32147,17.89
32148,17.73
32149,17.3
32150,17.33
32153,16.63
32154,16.76
32155,16.56
32156,17.1
32157,16.92
32160,17.28
32161,17.3
32162,17.2
32163,17.21
32164,16.99
32167,17.11
32168,16.96
32169,16.64
32170,16.94
32171,16.97
32174,16.83
32175,16.92
32176,17.12
32177,17.17
32178,17.34
32181,17.7
32182,17.38
32183,17.12
32184,17.17
32185,16.84
32188,16.84
32189,16.8
32190,16.62
32191,16.5
32192,16.73
32195,16.64
32196,16.8
32197,16.58
32198,15.86
32199,15.77
32202,15.98
32203,15.57
32204,15.69
32205,15.35
32206,15.63
32209,15.35
32210,15.58
32211,15.52
32212,16.04
32213,16.2
32216,15.57
32217,15.81
32218,16.03
32219,16.39
32220,16.61
32223,16.52
32224,16.02
32225,16.58
32226,16.73
32227,17.07
32230,17.05
32231,17.08
32232,17.06
32233,17.09
32237,16.99
32238,16.72
32239,16.8
32240,17.05
32241,16.87
32244,17.87
32245,18.06
32246,18.12
32247,18.4
32248,18.32
32251,18.5
32252,17.92
32253,17.93
32254,18.34
32255,18.13
32258,18.36
32259,18.54
32260,18.32
32261,17.91
32262,18.1
32265,17.12
32266,17.3
32267,17.23
32268,17.41
32269,17.63
32272,17.56
32273,17.5
32274,17.48
32275,17.49
32276,17.53
32279,17.7
32280,17.72
32281,17.39
32282,17.43
32283,17.41
32286,17.01
32287,17.04
32288,17.39
32289,17.54
32290,17.45
32293,17.45
32294,17.54
32295,17.6
32296,17.67
32297,17.51
32300,17.28
32301,17.32
32302,17.35
32303,17.09
32304,16.7
32307,16.43
32308,16.85
32309,16.56
32310,16.62
32311,16.43
32314,16.02
32315,15.82
32316,16.03
32317,15.86
32318,16.03
32321,15.86
32322,16.01
32323,15.37
32324,15.2
32325,14.92
32329,15.11
32330,15.44
32331,15.83
32332,15.42
32335,14.56
32336,14.61
32337,14.35
32338,14.84
32339,14.85
32342,15.84
32343,15.16
32344,15.76
32345,16.28
32346,16.27
32349,16.09
32350,15.99
32351,16.18
32352,16.08
32353,16.37
32356,16.07
32357,15.57
32358,15.2
32359,15.12
32360,15.31
32363,15.84
32364,15.56
32365,15.65
32366,15.75
32367,15.54
32370,15.59
32371,15.51
32372,15.46
32373,15.59
32374,15.77
32377,15.75
32378,15.71
32379,15.55
32380,15.33
32381,15.35
32384,15.24
32385,15.39
32386,15.19
32387,15.05
32388,14.79
32391,14.79
32392,14.25
32393,14.29
32394,14.51
32395,14.14
32398,14.48
32399,14.55
32400,15.38
32401,14.86
32402,14.5
32405,14.72
32406,15.08
32407,15.19
32408,15.25
32409,14.26
32412,14.16
32413,14.22
32414,14.07
32415,13.91
32416,13.33
32419,13.03
32420,13.03
32421,12.58
32422,12.62
32423,12.99
32426,13.59
32427,13.63
32428,14.02
32429,14.26
32430,14.9
32433,15.16
32434,14.63
32435,15.33
32436,14.44
32437,14.22
32440,12.94
32441,13.36
32442,13.45
32443,13.67
32444,13.79
32447,13.54
32448,13.52
32449,13.78
32450,13.89
32451,14.04
32454,14.08
32455,13.7
32456,13.88
32457,13.99
32458,13.99
32461,14.25
32462,14.03
32463,13.68
32464,13.3
32465,13.47
32468,13.73
32469,14.78
32470,14.11
32471,14.11
32472,15.43
32475,14.93
32476,15
32477,15.42
32478,15.63
32479,15.69
32482,15.36
32483,15.51
32484,15.8
32485,15.48
32486,15.9
32489,16.08
32490,15.93
32491,16.33
32492,16.39
32493,16.81
32496,16.24
32497,17.68
32498,17.27
32499,17.36
32500,16.63
32504,16.98
32505,17.03
32506,16.81
32507,17.12
32511,17.38
32512,16.99
32513,17.45
32514,17.56
32517,17.74
32518,17.8
32519,18.16
32520,18.11
32521,18.49
32524,18.88
32525,19.03
32526,19.2
32527,19.28
32528,18.85
32531,17.66
32532,17.96
32533,18.23
32534,17.68
32535,17.74
32538,17.32
32539,17
32540,17.5
32541,17.72
32542,17.51
32545,17.38
32546,17.55
32547,17.49
32548,17.42
32549,17.11
32552,17.61
32553,17.6
32554,18.23
32555,18.35
32556,18.6
32559,18.6
32560,18.64
32561,18.5
32562,18.49
32563,18.06
32566,18.16
32567,18.21
32568,18.3
32569,18.68
32570,18.67
32573,18.73
32574,18.12
32575,18.57
32576,18.53
32577,18.53
32580,19.05
32581,19.47
32582,19.84
32583,19.86
32584,20.34
32587,19.53
32588,20.08
32589,20.21
32590,20.16
32594,20.55
32595,19.93
32596,20.2
32597,21.03
32598,20.27
32601,20.03
32602,20.59
32603,20.07
32604,19.85
32605,20.03
32608,20.65
32609,20.56
32610,20.66
32611,20.26
32612,20.68
32615,21.23
32616,21.74
32617,22.66
32618,24.62
32619,23.38
32622,20.64
32623,21.32
32624,21.2
32625,20.83
32626,20.38
32629,20.66
32630,19.73
32631,20.13
32632,20.57
32633,20.08
32636,19.41
32637,19.54
32638,19.56
32639,20.13
32640,20.12
32643,20.53
32644,20.58
32645,20.15
32646,20.25
32647,20.58
32650,20.92
32651,21.77
32652,19.68
32653,19.46
32654,19.55
32657,19.55
32658,19.96
32659,19.93
32660,19.83
32661,20.18
32664,20.5
32665,20.38
32666,19.7
32667,19.94
32668,19.87
32671,19.3
32672,19.5
32673,20.37
32674,20.56
32675,19.98
32678,20.88
32679,19.88
32680,19.74
32681,19.53
32682,19.71
32685,20.28
32686,20.38
32687,20.04
32688,20.27
32689,20.29
32692,20.55
32693,20.29
32694,20.98
32695,20.35
32696,20.78
32699,20.38
32700,20.75
32701,20.2
32702,20.42
32703,20.36
32706,20.49
32707,20.21
32708,19.83
32709,19.92
32710,19.86
32713,18.76
32714,18.52
32715,18.32
32716,18.15
32717,17.96
32720,18.33
32721,17.91
32722,18.28
32723,18.18
32724,18.05
32727,17.91
32728,18.06
32729,18.23
32730,18.58
32731,18.46
32734,18.6
32735,18.78
32736,18.99
32737,18.67
32738,18.82
32741,19.1
32742,19.01
32743,19.15
32744,19.02
32745,18.53
32748,18.69
32749,18.59
32750,18.85
32751,18.83
32752,18.88
32755,18.88
32756,19.08
32757,19.41
32758,19.4
32759,19.77
32762,19.77
32763,19.68
32764,19.87
32765,19.73
32766,19.96
32769,19.87
32770,19.68
32771,19.68
32772,19.69
32773,19.21
32776,19.49
32777,19.62
32778,19.61
32779,19.99
32780,20.15
32783,19.99
32784,20.15
32785,20.17
32786,19.95
32787,19.89
32790,20.04
32791,20.21
32792,20.18
32793,20.49
32794,20.91
32797,20.64
32798,20.68
32799,20.58
32800,20.37
32801,20.04
32804,19.67
32805,19.7
32806,19.6
32807,19.48
32808,19.79
32811,19.74
32812,19.88
32813,20.09
32814,20.01
32815,20.23
32818,20.06
32819,19.97
32820,19.97
32821,19.62
32822,19.84
32825,19.62
32826,19.58
32827,19.69
32828,19.88
32829,19.93
32832,20.13
32833,20.52
32834,19.8
32835,19.8
32836,19.84
32839,19.65
32840,19.33
32841,19.4
32842,19.87
32843,20.26
32846,20.24
32847,20.22
32848,20.46
32849,20.45
32850,20.41
32853,20.69
32854,20.8
32855,20.75
32856,20.67
32857,21.13
32860,22.2
32861,22.17
32862,21.58
32863,21.53
32864,21.31
32868,21.91
32869,21.78
32870,21.6
32871,21.84
32875,22.88
32876,23.81
32877,23.41
32878,23.07
32881,21.64
32882,22.25
32883,22.9
32884,23.15
32885,23.17
32888,22.36
32889,22.61
32890,22.11
32891,22.78
32892,23.7
32895,22.57
32896,22.34
32897,23.43
32898,24.48
32899,22.56
32902,22.79
32903,22.29
32904,22.69
32905,22.71
32906,23.04
32909,22.44
32910,22.36
32911,22.4
32912,22.11
32913,21.82
32916,22.02
32917,21.88
32918,22.12
32919,22.86
32920,22.46
32923,22.46
32924,22.2
32925,21.87
32926,21.4
32927,21.13
32930,21.81
32931,21.62
32932,21.55
32933,21.19
32934,21.36
32937,21.62
32938,21.3
32939,20.93
32940,20.8
32941,20.42
32944,20.26
32945,20.15
32946,20.07
32947,20.38
32948,20.09
32951,19.6
32952,19.34
32953,19.59
32954,19.85
32955,20.28
32958,20.48
32959,20.36
32960,20.09
32961,20.03
32962,20.34
32965,20.51
32966,20.23
32967,19.78
32968,19.48
32969,19.15
32972,18.32
32973,17.56
32974,18.19
32975,17.76
32979,17.87
32980,17.37
32981,16.95
32982,17.93
32983,17.9
32986,18.6
32987,17.85
32988,17.49
32989,18.5
32990,18.57
32993,18.5
32994,18.76
32995,18.63
32996,17.98
32997,17.98
33000,18.3
33001,18.26
33002,19.01
33003,19.03
33004,18.96
33007,19.73
33008,19.52
33009,19.05
33010,18.89
33011,18.78
33014,18.26
33015,17.51
33016,16.25
33017,16.02
33018,16.12
33022,18
33023,17.88
33024,17.47
33025,17.51
33028,17.09
33029,16.41
33030,16.91
33031,16.65
33032,16.78
33035,16.82
33036,17.39
33037,17.6
33038,17.11
33039,16.64
33042,15.92
33043,15.55
33044,15.43
33045,16.09
33046,16.5
33049,16.15
33050,17.12
33051,16.7
33052,17.18
33053,17.05
33056,16.94
33057,16.73
33058,16.73
33059,16.5
33060,16.49
33063,16.63
33064,17.05
33065,17.45
33066,18.69
33067,18.37
33070,18.67
33071,18.23
33072,18.57
33073,19.07
33074,19.61
33077,19.88
33078,19.84
33079,19.33
33080,20.33
33081,20.07
33084,20.24
33085,20.57
33086,21.59
33087,23.71
33088,23.79
33091,28.73
33092,29.6
33093,26.19
33094,25.69
33095,26.38
33098,27.07
33099,26.7
33100,26.54
33101,27.4
33102,28.65
33105,28.63
33106,28.46
33107,30.52
33108,31.67
33109,31.1
33112,27.36
33113,27.73
33114,26.15
33115,26.96
33116,27.45
33119,27.45
33120,29.3
33121,30
33122,31.51
33123,30.09
33126,30.83
33127,30.29
33128,30.85
33129,31.2
33130,31.79
33133,33.73
33134,33.48
33135,33.18
33136,34.44
33137,36.21
33140,39.05
33141,38.33
33142,39.12
33143,39.77
33144,39.53
33147,37.08
33148,34.43
33149,37.04
33150,36.76
33151,37.87
33154,38.88
33155,40.73
33156,39.3
33157,41.07
33158,39.42
33161,38
33162,39.34
33163,36.03
33164,37.03
33165,33.82
33168,28.46
33169,29.95
33170,30.8
33171,34.35
33172,33.03
33175,35.28
33176,34.93
33177,35.31
33178,35.3
33179,33.95
33182,32.05
33183,32.41
33184,35.48
33185,35.61
33186,33.91
33189,32.08
33190,33.3
33191,31.18
33192,31.05
33193,29.91
33196,31.45
33197,29.5
33198,30.08
33199,30.08
33200,32.35
33203,33.28
33204,33.05
33205,33.28
33206,32.93
33207,29.08
33210,29.4
33211,29.05
33212,27.18
33213,26.35
33214,26.61
33217,27.08
33218,26.5
33219,25.3
33220,26.45
33221,26.6
33224,27.1
33225,27.85
33226,28.26
33227,27.5
33228,27.08
33231,26.95
33233,27.35
33234,26.95
33235,27.58
33238,28.48
33240,26.53
33241,25.61
33242,24.88
33245,27.25
33246,27.5
33247,28
33248,27.55
33249,27.43
33252,30.13
33253,30.35
33254,32.25
33255,21.48
33256,20.05
33259,21.63
33260,24.91
33261,24.08
33262,25.63
33263,24.15
33266,21.03
33267,21.73
33268,21.08
33269,21.9
33270,21.33
33273,21.23
33274,20.7
33275,21.48
33276,21.33
33277,21.78
33280,22.44
33281,22.78
33282,22.38
33283,22.25
33284,20.73
33287,20.73
33288,20.08
33289,20.18
33290,18.48
33291,17.43
33294,17.43
33295,18.48
33296,19.03
33297,19.28
33298,19.43
33301,20.33
33302,20.5
33303,19.78
33304,19.33
33305,19.34
33308,19
33309,20.06
33310,20.48
33311,20.05
33312,19.88
33315,19.78
33316,20.68
33317,20.4
33318,20.78
33319,19.88
33322,19.47
33323,19.78
33324,19.45
33325,19.63
33329,19.28
33330,19.38
33331,19.48
33332,19.98
33333,20.03
33336,20.28
33337,20.58
33338,21.08
33339,20.98
33340,21.54
33343,21.85
33344,21.6
33345,21.73
33346,21.08
33347,21.16
33350,21.68
33351,21.03
33352,21
33353,20.95
33354,21.28
33357,21.3
33358,20.99
33359,21.28
33360,21.17
33361,21.43
33364,21.73
33365,21.72
33366,21.83
33367,21.92
33368,21.25
33371,20.89
33372,20.73
33373,21.04
33374,20.91
33375,21.19
33378,21.39
33379,20.95
33380,20.85
33381,20.95
33382,21.04
33386,21.34
33387,21.04
33388,21.3
33389,21.16
33392,21.16
33393,20.9
33394,20.45
33395,20.38
33396,20.28
33399,19.84
33400,19.85
33401,20.08
33402,19.71
33403,19.7
33406,19.97
33407,20.11
33408,19.99
33409,20.22
33410,20.1
33413,19.92
33414,20.03
33415,20.12
33416,20.41
33417,20.56
33420,20.78
33421,20.92
33422,20.69
33423,20.69
33424,20.91
33427,21.29
33428,21.35
33429,21.43
33430,21.32
33431,21.74
33434,21.5
33435,21.7
33436,22.2
33437,21.97
33438,22.16
33441,21.74
33442,21.25
33443,21.41
33444,21.11
33445,21.48
33448,21.38
33449,21.55
33450,21.7
33451,21.33
33452,21.35
33455,21.5
33456,21.39
33457,21.38
33458,21.6
33459,21.64
33462,21.71
33463,21.52
33464,21.3
33465,21.39
33466,21.29
33469,22.5
33470,22.3
33471,21.44
33472,21.93
33473,21.78
33476,21.98
33477,21.86
33478,21.77
33479,22.02
33480,22.28
33484,22.28
33485,21.76
33486,21.75
33487,21.56
33490,21.36
33491,21.44
33492,21.66
33493,21.51
33494,21.71
33497,21.84
33498,21.73
33499,21.87
33500,21.79
33501,22.02
33504,22.2
33505,22.24
33506,22.11
33507,22.23
33508,22.42
33511,22.25
33512,22.1
33513,22.34
33514,22.7
33515,22.64
33518,22.99
33519,23.02
33520,23.18
33521,23.01
33522,23.19
33525,23.48
33526,23.89
33527,23.67
33528,23.96
33529,24.12
33532,24.03
33533,23.47
33534,23.14
33535,23.47
33536,23.18
33539,23.24
33540,23.09
33541,23.11
33542,23.29
33543,23.85
33546,23.82
33547,23.78
33548,23.44
33549,23.29
33550,23
33553,22.66
33554,22.58
33555,22.28
33556,22.55
33557,22.79
33560,22.38
33561,21.88
33562,22.17
33563,21.93
33564,21.85
33567,22.15
33568,21.04
33569,21.38
33570,21.38
33571,21.48
33574,21.1
33575,20.61
33576,20.75
33577,20.42
33578,19.87
33581,19.39
33582,19.24
33583,19.54
33584,19.94
33585,20.09
33588,19.78
33589,19.45
33590,19.39
33591,19.12
33592,18.28
33595,18.58
33596,18.68
33598,18.63
33599,18.82
33602,18.63
33603,19.15
33605,19.43
33606,19.22
33609,19.24
33610,18.72
33611,17.95
33612,17.89
33613,18.26
33616,18.77
33617,18.4
33618,18.83
33619,18.94
33620,19.11
33623,18.92
33624,18.5
33625,18.73
33626,18.38
33627,18.75
33630,19.35
33631,19.09
33632,18.92
33633,18.95
33634,18.93
33637,18.97
33638,19.26
33639,19.5
33640,19.48
33641,19.91
33644,19.69
33645,19.36
33646,19.29
33647,19.7
33648,19.42
33651,19.42
33652,18.14
33653,18.42
33654,18.52
33655,18.6
33658,18.37
33659,18.3
33660,18.44
33661,18.77
33662,18.69
33665,18.36
33666,18.67
33667,18.62
33668,18.58
33669,18.53
33672,18.65
33673,18.62
33674,18.5
33675,18.86
33676,19.16
33679,19.15
33680,19.27
33681,19.05
33682,19.27
33683,18.78
33686,18.91
33687,19.06
33688,19
33689,19.31
33690,19.19
33693,19.25
33694,19.49
33695,19.85
33696,19.79
33697,20.25
33700,20.44
33701,20.29
33702,20.64
33703,20.33
33704,20.45
33707,20.24
33708,19.81
33709,19.93
33710,20.25
33714,20.26
33715,20.17
33716,19.92
33717,19.91
33718,20.05
33721,20.31
33722,20.29
33723,20.77
33724,20.88
33725,20.88
33728,21.13
33729,20.78
33730,20.79
33731,20.73
33732,20.85
33735,21.02
33736,20.98
33737,20.75
33738,20.56
33739,20.7
33742,20.54
33743,20.12
33744,20.2
33745,20.79
33746,20.79
33750,21.8
33751,22
33752,21.97
33753,22.13
33756,22.07
33757,22.2
33758,22.45
33759,22.53
33760,22.65
33763,22.43
33764,22.23
33765,22.49
33766,22.33
33767,22.28
33770,22.38
33771,22.23
33772,22.3
33773,22.23
33774,22.16
33777,22.47
33778,22.74
33779,23.03
33780,22.73
33781,22.42
33784,22.27
33785,21.84
33786,21.9
33787,22.08
33788,22.08
33791,21.87
33792,21.51
33793,21.38
33794,21.38
33795,21.25
33798,21.38
33799,21.42
33800,21.73
33801,21.8
33802,21.56
33805,21.78
33806,21.91
33807,21.99
33808,22.11
33809,21.95
33812,22.09
33813,22.03
33814,21.98
33815,21.82
33816,21.83
33819,21.6
33820,21.23
33821,21.18
33822,21.41
33823,21.27
33826,21.12
33827,21
33828,21.13
33829,21.35
33830,21.31
33833,21.47
33834,21.54
33835,21.33
33836,21.4
33837,21.19
33840,21.85
33841,21.6
33842,21.24
33843,21.14
33844,21.3
33847,21.46
33848,21.72
33849,21.65
33850,21.69
33851,21.77
33854,21.77
33855,21.98
33856,22
33857,21.93
33858,22
33861,22.35
33862,22.13
33863,22.39
33864,22.23
33865,21.96
33868,21.91
33869,21.78
33870,21.78
33871,21.57
33872,21.51
33875,21.78
33876,21.66
33877,21.83
33878,21.83
33879,21.93
33882,21.76
33883,21.85
33884,21.89
33885,21.99
33886,21.99
33889,22.28
33890,22.12
33891,22.16
33892,22.37
33893,22.31
33896,22.18
33897,21.88
33898,21.49
33899,21.22
33900,21.11
33903,21.14
33904,21.03
33905,21.17
33906,20.71
33907,20.68
33910,20.77
33911,20.6
33912,20.33
33913,20.62
33914,20.26
33917,20.63
33918,20.54
33919,20.46
33920,20.19
33921,20.04
33924,20.37
33925,20.32
33926,20.21
33927,20.5
33928,20.37
33931,20.01
33932,20.06
33933,20.29
33935,20.29
33938,19.91
33939,19.56
33940,19.38
33941,19.08
33942,18.95
33945,19.17
33946,18.69
33947,18.86
33948,19.26
33949,19.09
33952,19.06
33953,18.94
33954,19.42
33955,19.68
33956,19.81
33959,19.92
33960,19.79
33961,19.97
33962,19.97
33966,19.77
33967,19.62
33968,19.63
33969,19.49
33973,19.03
33974,19.13
33975,19.03
33976,18.92
33977,18.9
33980,18.78
33981,18.21
33982,18.51
33983,18.71
33984,18.89
33987,18.94
33988,18.4
33989,18.35
33990,18.71
33991,18.64
33994,19.51
33995,19.67
33996,19.66
33997,20.38
33998,20.27
34001,20.32
34002,20
34004,20.29
34005,20.27
34008,20.07
34009,20.12
34010,20.2
34011,20.29
34012,19.96
34016,19.59
34017,19.3
34018,19.44
34019,19.69
34022,20.08
34023,20.49
34024,20.28
34025,20.63
34026,20.53
34029,20.62
34030,20.48
34031,20.46
34032,21.05
34033,20.85
34036,20.63
34037,20.71
34038,20.42
34039,20.12
34040,20.38
34043,20.18
34044,20.04
34045,20.14
34046,20.29
34047,20.05
34050,19.52
34051,19.98
34052,19.97
34053,20.12
34054,20.42
34057,20.27
34058,20.27
34059,20.44
34060,20.54
34061,20.67
34064,20.59
34065,20.33
34066,20.35
34067,20.22
34071,20.43
34072,20.28
34073,20.38
34074,20.21
34075,20.09
34078,19.99
34079,20.05
34080,19.99
34081,19.79
34082,19.93
34085,19.83
34086,20.21
34088,20.63
34089,20.54
34092,20.58
34093,20.4
34094,20.46
34095,20.49
34096,20.43
34099,20.42
34100,20.38
34101,20.19
34102,19.8
34103,19.51
34106,19.51
34107,19.32
34108,19.15
34109,19.56
34110,19.6
34113,19.43
34114,19.75
34115,19.92
34116,20.05
34117,20.04
34121,20.2
34122,20.05
34123,19.77
34124,19.79
34127,19.6
34128,19.65
34129,19.66
34130,19.27
34131,18.99
34134,18.9
34135,18.6
34136,18.87
34137,18.7
34138,18.71
34141,18.63
34142,18.35
34143,18.44
34144,18.36
34145,18.83
34148,18.89
34149,18.99
34150,18.82
34151,18.44
34152,17.93
34156,18.29
34157,18.06
34158,17.79
34159,17.92
34162,18.12
34163,18.05
34164,17.43
34165,17.73
34166,17.29
34169,17.68
34170,17.2
34171,17.6
34172,17.57
34173,17.67
34176,18.11
34177,18.5
34178,18.25
34179,18.12
34180,17.94
34183,17.9
34184,17.81
34185,17.82
34186,17.54
34187,17.3
34190,17.58
34191,17.58
34192,17.87
34193,18.16
34194,18.14
34197,17.84
34198,17.95
34199,17.68
34200,17.64
34201,18.09
34204,18.42
34205,18.38
34206,18.45
34207,18.4
34208,18.82
34211,18.63
34212,18.24
34213,17.92
34214,17.97
34215,17.72
34219,17.14
34220,17
34221,16.97
34222,16.74
34225,16.98
34226,16.94
34227,16.85
34228,16.85
34229,17.1
34232,17.68
34233,18.12
34234,17.53
34235,17.52
34236,17.52
34239,17.52
34240,18.07
34241,18.73
34242,18.72
34243,18.63
34246,18.4
34247,18.43
34248,18.43
34249,18.49
34250,18.53
34253,18.76
34254,18.7
34255,18.65
34256,18.5
34257,18.24
34260,18.13
34261,18.04
34262,18.25
34263,18.28
34264,17.92
34267,17.36
34268,17.55
34269,17.66
34270,17.3
34271,16.97
34274,17.5
34275,17.03
34276,17.47
34277,17.38
34278,17.09
34281,16.69
34282,16.71
34283,16.54
34284,16.91
34285,16.72
34288,16.78
34289,16.69
34290,17.08
34291,16.67
34292,16.55
34295,16.67
34296,16.39
34297,15.73
34299,15.53
34302,15.3
34303,15.36
34304,15.45
34305,14.93
34306,15.03
34309,14.57
34310,14.53
34311,14.61
34312,14.65
34313,15.04
34316,14.5
34317,14.47
34318,14.39
34319,14.21
34320,13.98
34323,14.2
34324,14.32
34325,14.61
34326,14.48
34330,14.09
34331,14.11
34332,14.45
34333,14.19
34337,14.52
34338,14.66
34339,15.3
34340,15.36
34341,15.33
34344,14.65
34345,14.95
34346,14.36
34347,14.56
34348,14.81
34351,15.15
34352,14.92
34353,15.25
34354,14.95
34355,14.85
34358,15.09
34359,15.26
34360,15.5
34361,15.48
34362,15.37
34365,15.24
34366,15.91
34367,16.06
34368,15.97
34369,15.63
34372,15.31
34373,15.12
34374,14.64
34375,14.59
34376,14.71
34379,14.15
34380,14.13
34381,13.89
34382,14.26
34383,14.21
34387,14.28
34388,14.18
34389,14.82
34390,14.48
34393,14.5
34394,14.78
34395,14.8
34396,14.74
34397,14.57
34400,14.14
34401,14.17
34402,14.23
34403,14.19
34404,14.47
34407,14.52
34408,14.82
34409,15.03
34410,14.83
34411,14.88
34414,15.37
34415,15.04
34416,14.94
34417,15.21
34418,15.19
34421,14.15
34422,14.41
34423,14.4
34424,14.78
34428,15.67
34429,15.67
34430,15.77
34431,15.59
34432,15.57
34435,15.86
34436,15.74
34437,15.96
34438,16.2
34439,16.58
34442,16.64
34443,16.43
34444,16.65
34445,17.56
34446,17.84
34449,17.66
34450,16.82
34451,16.7
34452,16.57
34453,16.92
34456,17.18
34457,16.93
34458,16.85
34459,17.28
34460,17.74
34463,17.72
34464,17.62
34465,17.84
34466,18.27
34467,18.2
34470,17.99
34471,17.61
34472,18.02
34473,18.49
34474,18.93
34477,18.69
34478,18.4
34479,17.83
34480,17.76
34481,18.02
34485,18.3
34486,18.29
34487,18.25
34488,18.11
34491,18.1
34492,17.78
34493,18.28
34494,18.67
34495,18.48
34498,18.82
34499,18.94
34500,19.75
34501,19.83
34502,20.72
34505,20.68
34506,20.08
34507,19.59
34508,19.38
34509,19.28
34512,18.96
34513,19.14
34514,18.82
34515,19.37
34516,19.52
34520,19.62
34521,19.3
34522,19.15
34523,19.48
34526,20.17
34527,20.4
34528,20.14
34529,20.18
34530,19.89
34533,19.38
34534,19.49
34535,19.15
34536,19.32
34537,19.59
34540,19.42
34541,19.26
34542,19.46
34543,19.87
34544,20.3
34547,20.65
34548,20.22
34549,20.06
34550,20.14
34551,19.37
34554,19.41
34555,19.29
34556,18.96
34557,18.67
34558,18.05
34561,18.24
34562,17.64
34563,18.08
34564,17.73
34565,17.56
34568,16.87
34569,17.09
34570,17.54
34571,17.49
34572,17.14
34575,17.62
34576,17.4
34577,17.6
34578,17.47
34579,17.52
34583,17.62
34584,17.84
34585,17.62
34586,17.53
34589,17.39
34590,17
34591,16.72
34592,16.72
34593,16.84
34596,17.21
34597,17.24
34598,17.06
34599,17.65
34600,17.76
34603,17.68
34604,17.48
34605,17.69
34606,17.96
34607,18.36
34610,18.16
34611,17.97
34612,18.01
34613,18.24
34614,18.27
34617,17.95
34618,17.74
34619,17.13
34620,17.03
34621,16.98
34624,17.11
34625,17.34
34626,17.43
34627,17.57
34628,17.31
34631,17.5
34632,17.71
34633,18.01
34634,18.17
34635,18.25
34638,18.16
34639,18.66
34640,18.9
34641,18.97
34642,18.76
34645,18.38
34646,18.46
34647,18.16
34648,18.18
34649,18.07
34652,17.48
34653,17.58
34654,17.38
34655,17.63
34656,17.47
34659,17.43
34660,17.7
34661,18.05
34666,18.1
34667,17.97
34668,18.06
34669,17.77
34670,17
34673,16.88
34674,16.93
34675,16.86
34676,17.14
34677,17.12
34680,16.92
34681,16.98
34682,16.96
34683,16.6
34684,16.84
34687,16.91
34688,16.98
34689,17.07
34690,17.15
34691,17.41
34695,17.63
34696,17.74
34697,17.69
34698,17.77
34702,17.45
34703,17.56
34704,17.76
34705,17.69
34708,17.4
34709,17.42
34710,17.7
34711,17.72
34712,17.52
34715,17.89
34716,18.47
34717,18.72
34718,18.7
34719,18.46
34722,18.16
34723,18.53
34724,18.82
34725,18.23
34726,17.95
34729,18.2
34730,18.48
34731,18.48
34732,18.54
34733,18.78
34736,18.58
34737,18.43
34738,18.36
34739,18.28
34740,18.47
34743,18.29
34744,18.44
34745,18.46
34746,18.63
34747,18.94
34751,18.86
34752,18.84
34753,18.59
34754,18.7
34757,18.64
34758,18.52
34759,18.31
34760,18.4
34761,18.63
34764,18.56
34765,18.59
34766,18.3
34767,17.98
34768,17.92
34771,18.19
34772,17.9
34773,18.12
34774,18.18
34775,18.27
34778,18.58
34779,18.44
34780,18.91
34781,18.85
34782,18.68
34785,19.08
34786,18.95
34787,19.21
34788,19.17
34789,19.18
34792,19.05
34793,19.11
34794,19.57
34795,19.74
34796,19.67
34799,19.61
34800,19.84
34801,19.5
34802,19.16
34806,19.8
34807,20.14
34808,20.4
34809,20.52
34810,20.46
34813,20.13
34814,20.31
34815,20.18
34816,20.48
34817,20.36
34820,20.53
34821,20.18
34822,19.88
34823,20.3
34824,20.33
34827,20.32
34828,19.67
34829,19.76
34830,19.4
34831,19.55
34834,19.91
34835,20.01
34836,19.94
34837,19.99
34838,20.06
34841,19.86
34842,19.81
34843,19.34
34844,19.12
34845,18.7
34849,18.78
34850,18.88
34851,18.89
34852,19.14
34855,19.25
34856,19.16
34857,19.08
34858,18.94
34859,18.83
34862,18.87
34863,18.93
34864,19.05
34865,18.9
34866,18.8
34869,18.23
34870,18.01
34871,17.59
34872,17.76
34873,17.81
34876,17.67
34877,17.95
34878,17.98
34879,17.59
34880,17.38
34883,17.33
34885,17.21
34886,17.42
34887,17.14
34890,17.35
34891,17.31
34892,17.49
34893,17.25
34894,17.32
34897,17.28
34898,17.33
34899,17.33
34900,17.03
34901,17.07
34904,17.17
34905,17.45
34906,17.47
34907,17.51
34908,17.43
34911,17.62
34912,17.59
34913,17.95
34914,17.72
34915,17.74
34918,17.65
34919,17.86
34920,17.77
34921,17.91
34922,17.86
34925,17.48
34926,17.4
34927,17.59
34928,17.65
34929,17.87
34932,18.26
34933,18.54
34934,18.79
34935,19.6
34936,19.91
34939,17.84
34940,17.87
34941,17.74
34942,17.89
34943,18.08
34947,18.49
34948,18.27
34949,18.27
34950,18.44
34953,18.49
34954,18.76
34955,18.53
34956,18.87
34957,18.94
34960,18.92
34961,19.01
34962,18.53
34963,17.89
34964,17.27
34967,17.38
34968,17.47
34969,17.64
34970,17.72
34971,17.54
34974,17.67
34975,17.56
34976,17.32
34977,16.86
34978,17.03
34981,17.36
34982,17.29
34983,17.28
34984,17.08
34985,17.38
34988,17.6
34989,17.59
34990,17.57
34991,17.34
34992,17.44
34995,17.48
34996,17.61
34997,17.58
34998,17.61
34999,17.54
35002,17.67
35003,17.67
35004,17.74
35005,17.94
35006,17.93
35009,17.68
35010,17.62
35011,17.82
35012,17.83
35013,17.83
35016,17.78
35017,17.89
35018,17.92
35019,18.16
35020,18.56
35023,18.14
35024,17.89
35025,17.93
35030,18.37
35031,18.28
35032,18.27
35033,18.27
35034,18.43
35037,18.61
35038,18.66
35039,18.76
35040,18.69
35041,18.97
35044,18.62
35045,18.8
35046,19.01
35047,19.14
35048,19.51
35051,19.71
35052,19.05
35053,18.87
35054,18.83
35055,19.12
35059,19.25
35060,19.49
35061,19.47
35062,19.54
35066,19.83
35067,19.9
35068,19.96
35069,20.26
35072,20.5
35073,19.86
35074,19.66
35075,18.87
35076,18.28
35079,18.42
35080,18.12
35081,18.58
35082,19.12
35083,18.94
35086,18.49
35087,18.58
35088,18.95
35089,18.06
35090,17.68
35093,17.33
35094,17.65
35095,17.76
35096,17.63
35097,17.83
35100,17.53
35101,17.74
35102,17.71
35103,17.79
35104,17.83
35107,18.01
35108,18.96
35109,18.86
35110,19.02
35111,19.16
35115,21.07
35116,21.63
35117,22.14
35118,20.97
35121,19.45
35122,19.65
35123,19.3
35124,19.59
35125,19.45
35128,19.24
35129,19.65
35130,20.16
35131,19.87
35132,19.66
35135,19.92
35136,20.42
35137,20.49
35138,21.18
35139,21.99
35142,23.23
35143,24.56
35144,22.74
35145,22.44
35146,22.85
35149,23.23
35150,22.38
35151,21.64
35152,21.45
35153,21.43
35156,22.29
35157,22.68
35158,22.22
35159,22.75
35163,23.01
35164,23.23
35165,24.08
35166,25.15
35167,24.29
35170,25.13
35171,24.48
35172,24.67
35173,23.47
35174,23.96
35177,23.94
35178,24.39
35179,24
35180,24.35
35181,22.33
35184,22.07
35185,20.95
35186,20.81
35187,20.78
35188,21.19
35191,21.06
35192,21.07
35193,21.13
35194,20.65
35195,21.01
35198,21.23
35199,21.35
35200,21.28
35201,20.79
35202,20.64
35205,22.28
35206,21.95
35207,23.02
35208,22.35
35209,21.58
35213,21.1
35214,20.65
35215,19.95
35216,19.77
35219,19.86
35220,20.28
35221,19.73
35222,20.06
35223,20.28
35226,20.18
35227,20.13
35228,20.13
35229,20.03
35230,20.28
35233,21.43
35234,21.53
35235,20.73
35236,20.68
35237,20.38
35240,20.1
35241,20.13
35242,20.63
35243,20.98
35244,20.92
35247,21.48
35248,21.08
35249,21.38
35251,21.65
35254,21.33
35255,21.52
35256,21.56
35257,21.96
35258,21.9
35261,22.43
35262,22.28
35263,21.65
35264,21.68
35265,20.95
35268,21.05
35269,21.58
35270,20.97
35271,21.05
35272,20.13
35275,20.28
35276,20.28
35277,20.46
35278,20.95
35279,21.35
35282,21.25
35283,21.08
35284,21.35
35285,21.45
35286,21.6
35289,22.25
35290,22.35
35291,22.1
35292,21.95
35293,22.6
35296,23.1
35297,22.53
35298,22.15
35299,22.48
35300,22.23
35303,21.55
35304,21.35
35305,21.75
35306,22.2
35307,22.25
35311,23.35
35312,23.25
35313,23.45
35314,23.85
35317,23.75
35318,24.15
35319,24.75
35320,24.95
35321,24.5
35324,23.3
35325,23.4
35326,23.85
35327,23.45
35328,23.6
35331,23.83
35332,24.55
35333,24.6
35334,24.05
35335,24.6
35338,24.2
35339,24.35
35340,24.05
35341,24.85
35342,24.75
35345,25.25
35346,25.45
35347,25
35348,24.3
35349,24.65
35352,25.5
35353,25.45
35354,25.1
35355,25.4
35356,25.8
35359,25.85
35360,25.79
35361,24.78
35362,24.55
35363,24.8
35366,24.75
35367,24.15
35368,24.4
35369,23.25
35370,23
35373,22.8
35374,22.65
35375,22.75
35376,22.8
35377,23.6
35380,23.35
35381,23.4
35382,24.25
35383,24.35
35384,24.15
35387,23.85
35388,24.5
35389,23.75
35390,23.9
35391,24.15
35394,25.75
35395,23.7
35396,23.7
35398,23.7
35401,24.7
35402,24.8
35403,25
35404,25.6
35405,25.6
35408,25.15
35409,24.25
35410,23.4
35411,23.75
35412,24.45
35415,25.7
35416,25.7
35417,26.05
35418,26.55
35419,26.1
35422,26.4
35423,25.05
35425,25.1
35426,25.2
35429,25.35
35430,25.9
35432,25.55
35433,25.55
35436,26.25
35437,26.25
35438,26.55
35439,26.3
35440,26.15
35443,25.2
35444,25.1
35445,25.95
35446,25.45
35447,25.4
35450,25.1
35451,24.8
35452,24.4
35453,23.85
35454,23.85
35457,23.85
35458,23.9
35459,24.5
35460,24.8
35461,24.15
35464,24.2
35465,24
35466,23.9
35467,23.05
35468,22.3
35471,22.45
35472,22.35
35473,21.75
35474,22.1
35475,22.4
35479,22.5
35480,22.65
35481,21.95
35482,21.6
35485,21
35486,20.95
35487,21.1
35488,20.8
35489,20.3
35492,20.25
35493,20.75
35494,20.5
35495,21
35496,21.35
35499,20.5
35500,20.15
35501,20.6
35502,20.65
35503,21.3
35506,20.9
35507,22
35508,22
35509,22
35510,21.7
35513,21
35514,20.95
35515,20.65
35516,20.7
35520,20.35
35521,20.3
35522,19.55
35523,19.45
35524,19.15
35527,19.25
35528,19.35
35529,19.25
35530,19.55
35531,19.5
35534,19.9
35535,19.6
35536,19.35
35537,19.5
35538,19.9
35541,20.35
35542,19.6
35543,19.65
35544,19.85
35545,19.8
35548,19.85
35549,20.4
35550,20.2
35551,19.9
35552,19.6
35555,19.6
35556,19.7
35557,19.6
35558,20.35
35559,20.45
35562,21.4
35563,21.1
35564,21.35
35565,21.3
35566,22.1
35569,21.5
35570,21.2
35571,21.6
35572,21.6
35573,21.25
35577,20.75
35578,20.7
35579,21.15
35580,21
35583,21.15
35584,20.35
35585,20.3
35586,19.8
35587,19
35590,18.85
35591,18.85
35592,18.75
35593,19
35594,18.95
35597,19.1
35598,19.3
35599,18.9
35600,18.75
35601,18.6
35604,18.9
35605,18.71
35606,19.12
35607,18.84
35608,19.42
35611,19.82
35612,20.11
35613,20.39
35614,19.48
35618,19.53
35619,19.67
35620,19.4
35621,19.22
35622,19.39
35625,18.92
35626,19.81
35627,19.57
35628,19.92
35629,19.22
35632,19.25
35633,19.25
35634,19.68
35635,19.71
35636,19.71
35639,19.67
35640,20.08
35641,20.43
35642,20.19
35643,20.27
35646,20.81
35647,20.79
35648,20.46
35649,20.09
35650,19.58
35653,19.73
35654,19.91
35655,20.19
35656,20.02
35657,20.08
35660,19.94
35661,20.04
35662,20.07
35663,19.83
35664,19.7
35667,19.29
35668,19.31
35669,19.65
35670,19.59
35671,19.66
35675,19.73
35676,19.65
35677,19.46
35678,19.61
35681,19.43
35682,19.5
35683,19.5
35684,19.41
35685,19.37
35688,19.3
35689,19.67
35690,19.44
35691,19.41
35692,19.37
35695,19.61
35696,19.71
35697,20.03
35698,20.38
35699,20.87
35702,21.29
35703,21.13
35704,21.02
35705,21.82
35706,22.86
35709,21.97
35710,21.88
35711,22.19
35712,22.01
35713,22.01
35716,21.34
35717,20.75
35718,20.65
35719,20.98
35720,21.41
35723,20.69
35724,20.68
35725,21.44
35726,21.18
35727,20.99
35730,21.03
35731,20.4
35732,20.82
35733,21.26
35734,21.1
35737,20.91
35738,20.64
35739,20.44
35740,20.46
35741,20.8
35744,20.46
35745,20.54
35746,20.53
35747,20.76
35748,21.01
35751,20.29
35752,20.01
35753,19.82
35754,19.17
35755,19.76
35758,19.41
35759,19.35
35760,19.13
35765,18.76
35766,18.67
35767,18.81
35768,18.49
35769,18.72
35772,18.86
35773,18.79
35774,18.15
35775,18.18
35776,18.21
35779,18.18
35780,18.19
35781,18.22
35782,18.51
35783,18.46
35786,18.29
35787,18.39
35788,18.36
35790,18.19
35793,17.64
35794,17.6
35795,17.65
35797,17.41
35800,16.95
35801,16.64
35802,16.91
35803,17.01
35804,16.65
35807,16.53
35808,16.44
35809,16.54
35810,16.35
35811,16.48
35815,16.43
35816,16.05
35817,15.93
35818,15.65
35821,16.96
35822,17.06
35823,17.35
35824,17.93
35825,17.21
35828,17.07
35829,16.43
35830,16.42
35831,16.63
35832,16.72
35835,16.59
35836,16.48
35837,16.17
35838,15.97
35839,16.03
35843,15.64
35844,16.24
35845,16.12
35846,16.13
35849,15.23
35850,15.14
35851,15.28
35852,15.41
35853,15.44
35856,15.32
35857,15.28
35858,15.33
35859,15.34
35860,14.9
35863,14.58
35864,14.54
35865,14.3
35866,14.4
35867,14.19
35870,13.41
35871,13.67
35872,14.36
35873,14.43
35874,14.31
35877,16.14
35878,15.52
35879,16.69
35880,16.92
35881,16.84
35884,16.32
35885,15.75
35886,15.69
35887,16.04
35888,16.08
35891,15.48
35892,15.39
35893,15.71
35894,15.61
35898,15.35
35899,15.18
35900,15.64
35901,15.97
35902,15.49
35905,15.52
35906,15.57
35907,15.07
35908,13.09
35909,13.23
35912,15.43
35913,15.9
35914,15.43
35915,15.56
35916,16.25
35919,15.98
35920,15.48
35921,15.45
35922,15.26
35923,15.21
35926,15.26
35927,15.21
35928,15.01
35929,15.15
35930,14.51
35933,14.15
35934,13.01
35935,13.36
35936,14.21
35937,14.81
35941,14.9
35942,14.98
35943,14.88
35944,15.21
35947,14.99
35948,14.81
35949,14.94
35950,15.24
35951,15.13
35954,14.49
35955,13.76
35956,13.54
35957,12.67
35958,12.66
35961,11.69
35962,12.38
35963,12.55
35964,11.8
35965,11.8
35968,13.54
35969,14.65
35970,14.54
35971,13.9
35972,14.21
35975,14.29
35976,14.3
35977,14.47
35978,14.58
35982,13.87
35983,13.83
35984,14.01
35985,14.01
35986,13.96
35989,14.06
35990,14.87
35991,14.9
35992,14.54
35993,14.02
35996,13.44
35997,13.83
35998,14.29
35999,13.97
36000,13.93
36003,14.37
36004,14.2
36005,14.13
36006,14.25
36007,14.27
36010,13.93
36011,13.69
36012,13.8
36013,13.87
36014,13.85
36017,13.11
36018,12.87
36019,12.76
36020,13.44
36021,13.4
36024,13.26
36025,13.13
36026,13.21
36027,13.62
36028,13.44
36031,13.78
36032,13.9
36033,13.67
36034,13.35
36035,13.54
36038,13.29
36039,13.62
36040,13.72
36041,14.7
36042,14.59
36046,14.34
36047,14.37
36048,14.71
36049,14.39
36052,14.46
36053,14.72
36054,14.6
36055,15.07
36056,15.53
36059,15.58
36060,15.73
36061,15.8
36062,15.99
36063,15.8
36066,15.74
36067,16.01
36068,16.19
36069,15.52
36070,15.71
36073,15.24
36074,15.6
36075,15.03
36076,14.57
36077,14.64
36080,14.47
36081,14.27
36082,14.09
36083,14.08
36084,14.16
36087,13.39
36088,13.45
36089,14.14
36090,14
36091,14.06
36094,14.39
36095,14.19
36096,14.35
36097,14.31
36098,14.48
36101,14.45
36102,14.24
36103,14.09
36104,13.93
36105,13.93
36108,13.39
36109,13.54
36110,13.63
36111,14.04
36112,13.57
36115,12.81
36116,12.46
36117,12.33
36118,12.21
36119,12.2
36122,12.51
36123,11.48
36124,10.86
36129,11.37
36130,11.27
36131,11.31
36132,11.25
36133,11.2
36136,11.61
36137,11.33
36138,11.2
36139,10.82
36140,10.86
36143,11.3
36144,11.64
36145,12.55
36146,11.05
36147,10.95
36150,10.86
36151,10.99
36152,11.12
36153,11.03
36157,11.59
36158,11.82
36159,11.75
36160,12.14
36164,12.42
36165,12.04
36166,12.84
36167,12.99
36168,13.06
36171,13.43
36172,12.91
36173,12.33
36174,12.23
36175,12.21
36179,12.13
36180,11.82
36181,12.45
36182,12.62
36185,12.41
36186,12.16
36187,12.4
36188,12.52
36189,12.81
36192,12.36
36193,12.21
36194,12.42
36195,11.94
36196,11.85
36199,11.65
36200,11.66
36201,11.88
36202,11.94
36203,11.9
36207,11.38
36208,11.49
36209,11.97
36210,11.79
36213,11.97
36214,12.44
36215,12.49
36216,12.61
36217,12.31
36220,12.28
36221,12.66
36222,12.92
36223,13.32
36224,13.33
36227,13.63
36228,13.78
36229,14.74
36230,14.3
36231,14.51
36234,14.48
36235,14.6
36236,15.11
36237,15.11
36238,15.26
36241,15.39
36242,15.36
36243,15.18
36244,15.66
36245,16.16
36248,16.46
36249,16.66
36250,16.66
36251,16.65
36255,16.94
36256,16.79
36257,16.02
36258,15.92
36259,16.59
36262,16.44
36263,16.73
36264,16.51
36265,16.85
36266,17.34
36269,17.82
36270,17.79
36271,18.05
36272,18.02
36273,17.96
36276,17.67
36277,17.82
36278,18.43
36279,18.53
36280,18.69
36283,18.83
36284,18.94
36285,18.89
36286,18.23
36287,18.23
36290,18.57
36291,17.84
36292,17.44
36293,18.11
36294,18.04
36297,17.76
36298,17.09
36299,16.77
36300,17.04
36301,17.22
36304,16.77
36305,17.25
36306,17.32
36307,17.18
36308,16.85
36312,16.31
36313,16.61
36314,16.81
36315,17.36
36318,17.91
36319,17.66
36320,17.98
36321,17.82
36322,18.45
36325,18.24
36326,18.61
36327,17.92
36328,18.25
36329,18.01
36332,17.79
36333,17.62
36334,18.42
36335,18.26
36336,18.17
36339,18.22
36340,18.56
36341,19.33
36342,19.39
36343,19.7
36347,19.78
36348,19.98
36349,19.76
36350,19.94
36353,19.92
36354,20.33
36355,19.89
36356,20.26
36357,20.66
36360,20.28
36361,19.38
36362,19.54
36363,19.84
36364,20.41
36367,20.49
36368,20.4
36369,20.61
36370,21.09
36371,20.52
36374,20.46
36375,20.21
36376,20.49
36377,20.67
36378,20.89
36381,21.26
36382,21.31
36383,21.54
36384,21.42
36385,21.67
36388,21.34
36389,21.7
36390,21.54
36391,21.86
36392,21.66
36395,21.61
36396,21.36
36397,20.66
36398,21.09
36399,21.31
36402,21.93
36403,22.15
36404,21.79
36405,21.54
36406,22
36410,22.58
36411,22.64
36412,23.24
36413,23.55
36416,24.18
36417,23.86
36418,24.1
36419,24.52
36420,24.72
36423,24.32
36424,24.48
36425,24.26
36426,24.76
36427,24.81
36430,24.63
36431,24.52
36432,24.69
36433,24.54
36434,24.51
36437,23.71
36438,23.37
36439,23.24
36440,22.46
36441,20.81
36444,21.58
36445,22.93
36446,22.93
36447,22.46
36448,22.81
36451,22.44
36452,22.36
36453,22.21
36454,22.74
36455,23.48
36458,23.22
36459,23.17
36460,22.71
36461,21.59
36462,21.79
36465,22.44
36466,22.49
36467,22.59
36468,23.17
36469,22.93
36472,23.28
36473,24.21
36474,24.37
36475,24.33
36476,24.91
36479,25.31
36480,26.04
36481,26.57
36482,25.71
36483,26.61
36486,28.03
36487,26.91
36488,27.22
36490,27.22
36493,25.84
36494,24.87
36495,25.01
36496,25.88
36497,25.71
36500,26.67
36501,26.36
36502,26.69
36503,26
36504,25.21
36507,25.37
36508,25.87
36509,26.28
36510,26.74
36511,26.76
36514,26.55
36515,26.34
36516,25.51
36517,25.86
36521,26.36
36522,26.81
36523,26.41
36524,25.76
36529,25.56
36530,24.65
36531,24.79
36532,24.79
36535,24.71
36536,25.69
36537,26.3
36538,26.63
36539,28.01
36543,28.98
36544,29.11
36545,29.67
36546,29.71
36549,29.25
36550,30.28
36551,27.66
36552,27.22
36553,27.27
36556,27.65
36557,28.28
36558,27.52
36559,28.26
36560,28.67
36563,28.4
36564,28.05
36565,28.71
36566,29.49
36567,29.51
36570,30.3
36571,30.17
36572,30.01
36573,29.37
36574,29.51
36578,29.63
36579,30.19
36580,30.23
36581,30.34
36584,30.11
36585,30.57
36586,31.71
36587,31.51
36588,31.46
36591,32.19
36592,33.9
36593,31.22
36594,31.61
36595,31.76
36598,32.11
36599,31.93
36600,30.47
36601,31.1
36602,30.86
36605,29.33
36606,28.01
36607,27.28
36608,27.47
36609,27.86
36612,27.59
36613,27.1
36614,26.36
36615,26.67
36616,26.86
36619,26.28
36620,25.46
36621,25.76
36622,25.51
36623,24.97
36626,23.91
36627,24.17
36628,25.49
36629,25.29
36630,25.48
36633,26.06
36634,25.92
36635,27.38
36636,27.29
36640,27.41
36641,26.41
36642,24.69
36643,25.53
36644,25.71
36647,25.84
36648,26.86
36649,26.6
36650,27.08
36651,27.37
36654,28.05
36655,28.46
36656,28.1
36657,29.25
36658,29.64
36661,29.95
36662,29.76
36663,29.38
36664,30.28
36665,30.02
36668,28.62
36669,28.61
36670,29.89
36671,30.43
36672,29.76
36676,30.36
36677,29.03
36678,30.19
36679,30.34
36682,29.87
36683,29.78
36684,29.29
36685,29.78
36686,30.22
36689,31.76
36690,32.73
36691,32.72
36692,32.7
36693,32.35
36696,31.57
36697,33.07
36698,33.64
36699,34.72
36700,34.76
36703,31.56
36704,32.01
36705,31.86
36706,32.73
36707,32.44
36712,30.76
36713,30.19
36714,30.26
36717,29.51
36718,29.61
36719,30.34
36720,31.41
36721,31.31
36724,30.71
36725,31.94
36726,31.1
36727,30.94
36728,28.56
36731,27.97
36732,27.89
36733,27.81
36734,28.21
36735,28.22
36738,27.5
36739,27.85
36740,28.27
36741,28.92
36742,29.94
36745,28.93
36746,29.26
36747,30.38
36748,31.09
36749,31.02
36752,31.92
36753,31.43
36754,31.91
36755,31.88
36756,31.97
36759,32.42
36760,31.24
36761,31.23
36762,33.41
36763,34.01
36766,32.92
36767,32.73
36768,33.25
36769,33.09
36770,33.42
36774,33.92
36775,34.97
36776,35.18
36777,33.62
36780,35.14
36781,34.25
36782,33.87
36783,34.37
36784,35.87
36787,36.75
36788,36.96
36789,37.22
36790,33.84
36791,32.66
36794,31.5
36795,31.78
36796,31.23
36797,30.26
36798,30.87
36801,32.05
36802,31.86
36803,30.91
36804,30.66
36805,30.86
36808,31.98
36809,33.29
36810,33.2
36811,36.06
36812,34.96
36815,33.18
36816,33.36
36817,33.51
36818,33.06
36819,34.31
36822,34.9
36823,34.53
36824,33.62
36825,33.75
36826,32.78
36829,32.86
36830,32.7
36831,33.14
36832,32.59
36833,32.62
36836,33.02
36837,33.44
36838,32.92
36839,33.87
36840,34.05
36843,34.3
36844,34.72
36845,35.54
36846,34.84
36847,35.62
36850,35.98
36851,35.54
36852,36.06
36854,36.06
36857,36.24
36858,34.02
36859,34.58
36860,33.61
36861,32.06
36864,31.28
36865,29.25
36866,30.24
36867,29.36
36868,28.31
36871,29.75
36872,29.81
36873,28.75
36874,28.06
36875,28.86
36878,29.52
36879,29.34
36880,25.83
36881,26.06
36882,26.16
36886,27
36887,26.55
36888,25.82
36889,26.72
36893,27.29
36894,27.93
36895,27.95
36896,28.02
36899,27.44
36900,27.72
36901,29.42
36902,29.42
36903,30.07
36907,30.19
36908,29.77
36909,30.42
36910,32.12
36913,32.21
36914,31.66
36915,31.46
36916,31.61
36917,29.79
36920,29.07
36921,29.12
36922,28.62
36923,29.88
36924,31.27
36927,30.55
36928,30.27
36929,31.27
36930,31.57
36931,30.93
36934,30.52
36935,30.12
36936,29.55
36937,28.96
36938,29.22
36942,28.6
36943,28.64
36944,28.52
36945,28.83
36948,28.27
36949,28.26
36950,27.35
36951,27.78
36952,27.89
36955,28.61
36956,28.4
36957,28.95
36958,28.31
36959,27.97
36962,27.91
36963,27.45
36964,26.49
36965,26.56
36966,26.68
36969,26.17
36970,25.99
36971,26.43
36972,26.19
36973,27.31
36976,27.4
36977,27.62
36978,26.43
36979,26.47
36980,26.37
36983,25.7
36984,26.65
36985,27.16
36986,27.24
36987,27.07
36990,27.45
36991,28.47
36992,28.42
36993,28.75
36997,28.81
36998,27.89
36999,27.83
37000,27.92
37001,27
37004,26.97
37005,25.24
37006,25.93
37007,28.47
37008,28.35
37011,28.48
37012,28.37
37013,27.89
37014,28.66
37015,28.41
37018,27.79
37019,27.35
37020,28.39
37021,28.5
37022,28.59
37025,28.83
37026,28.9
37027,28.77
37028,29.02
37029,29.9
37032,29.96
37033,29.75
37034,28.85
37035,27.97
37036,28.08
37040,28.76
37041,28.71
37042,28.39
37043,27.88
37046,28.14
37047,27.84
37048,27.56
37049,27.91
37050,28.43
37053,28.94
37054,29.13
37055,28.81
37056,29.12
37057,28.52
37060,27.55
37061,27.49
37062,26.52
37063,26.85
37064,27.02
37067,27.11
37068,26.97
37069,25.67
37070,25.75
37071,26.37
37074,26.02
37075,26.28
37077,27.07
37078,28.1
37081,27.63
37082,27.22
37083,27.07
37084,26.85
37085,26.57
37088,26.02
37089,25.33
37090,24.65
37091,24.65
37092,25.67
37095,25.88
37096,26.18
37097,26.71
37098,26.74
37099,26.98
37102,26.6
37103,26.7
37104,26.83
37105,27.86
37106,27.51
37109,27.7
37110,28.17
37111,27.62
37112,27.72
37113,28.12
37116,27.85
37117,28.1
37118,27.51
37119,27.47
37120,26.65
37123,27.2
37124,27.93
37125,27.17
37126,25.63
37127,28.34
37130,26.69
37131,27.16
37132,27.07
37133,26.65
37134,26.65
37138,26.94
37139,27.03
37140,27.54
37141,27.99
37144,27.66
37145,27.65
37146,27.64
37147,28.58
37148,29.59
37151,28.84
37152,27.81
37153,26.73
37154,26.6
37155,25.46
37158,21.46
37159,21.63
37160,22.4
37161,22.8
37162,23.44
37165,23.12
37166,22.7
37167,22.17
37168,22.7
37169,22.32
37172,22.25
37173,22.55
37174,22.51
37175,23.49
37176,22.49
37179,22.37
37180,22.01
37181,21.89
37182,21.33
37183,21.99
37186,21.78
37187,21.28
37188,22
37189,21.75
37190,22.07
37193,22.1
37194,21.83
37195,21.2
37196,20.47
37197,20.24
37200,20
37201,19.93
37202,20.11
37203,21.21
37204,22.23
37207,21.26
37208,21.56
37209,19.63
37210,17.5
37211,18.09
37214,17.74
37215,18.71
37216,18.38
37221,18.69
37222,19.57
37223,19.37
37224,18.55
37225,19.46
37228,20.27
37229,19.71
37230,19.62
37231,18.69
37232,19.08
37235,18.32
37236,18.04
37237,18.38
37238,18.2
37239,19.31
37242,19.28
37243,19.38
37244,19.37
37245,18.67
37246,19.3
37251,21.32
37252,21.07
37253,20.42
37256,19.96
37258,21.13
37259,20.65
37260,21.47
37263,21.42
37264,20.82
37265,20.32
37266,20.48
37267,19.67
37270,18.88
37271,18.99
37272,18.96
37273,18.2
37274,18.02
37278,18.36
37279,19.1
37280,19.57
37281,19.8
37284,20.05
37285,19.3
37286,19.11
37287,19.71
37288,20.4
37291,20.02
37292,20.06
37293,19.77
37294,19.75
37295,20.25
37298,21.29
37299,20.76
37300,21.19
37301,21.19
37302,21.47
37306,20.77
37307,20.31
37308,20.81
37309,20.92
37312,20.24
37313,21.37
37314,21.4
37315,21.78
37316,22.37
37319,22.55
37320,23.18
37321,23.32
37322,23.62
37323,23.87
37326,24.36
37327,24.55
37328,24.14
37329,24.48
37330,24.47
37333,25.03
37334,25.02
37335,24.92
37336,25.74
37337,25.56
37340,25.69
37341,25.75
37342,25.79
37343,26.21
37347,26.82
37348,27.75
37349,27.55
37350,26.64
37351,26.21
37354,26.16
37355,25.45
37356,26.15
37357,24.93
37358,23.51
37361,24.53
37362,24.92
37363,25.94
37364,25.86
37365,26.43
37368,26.28
37369,26.28
37370,26.28
37371,26.36
37372,27.12
37375,27.45
37376,27.32
37377,26.58
37378,26.31
37379,26.75
37382,26.11
37383,26.79
37384,27.76
37385,27.78
37386,27.92
37389,28.62
37390,29.17
37391,28.17
37392,28
37393,28.19
37396,28.24
37397,27.35
37398,27.01
37399,26.6
37400,26.69
37404,25.08
37405,25.64
37406,24.78
37407,25.37
37410,25.1
37411,25.32
37412,25.02
37413,24.89
37414,24.72
37417,24.24
37418,24.21
37419,24.79
37420,25.54
37421,25.9
37424,25.98
37425,25.36
37426,25.57
37427,25.62
37428,25.51
37431,26.31
37432,26.06
37433,26.67
37434,26.77
37435,26.79
37438,26.79
37439,26.83
37440,26.82
37445,26.14
37446,26.16
37447,26.73
37448,27.01
37449,27.48
37452,27.23
37453,27.68
37454,27.88
37455,27.5
37456,27.83
37459,26.61
37460,26.61
37461,26.78
37462,26.67
37463,26.55
37466,26.54
37467,27.43
37468,27.02
37469,26.51
37470,26.87
37473,26.55
37474,27.18
37475,26.58
37476,26.67
37477,26.87
37480,27.84
37481,28.35
37482,28.19
37483,28.99
37484,29.24
37487,29.86
37488,30.12
37489,30.37
37490,30.11
37491,29.99
37494,29.23
37495,28.84
37496,28.31
37497,28.83
37498,28.97
37502,27.76
37503,28.28
37504,29.06
37505,29.51
37508,29.8
37509,29.62
37510,29.77
37511,28.95
37512,29.83
37515,29.14
37516,29.08
37517,29.57
37518,29.49
37519,29.65
37522,30.85
37523,30.79
37524,30.69
37525,30.31
37526,30.53
37529,30.59
37530,30.71
37531,30.59
37532,29.73
37533,29.65
37536,29.65
37537,29.56
37538,29.31
37539,28.96
37540,29.36
37543,30.06
37544,29.73
37545,29.28
37546,29.61
37547,29.56
37550,28.31
37551,27.93
37552,28.19
37553,27.87
37554,27.09
37557,27.25
37558,26.81
37559,26.85
37560,27.18
37561,27.04
37564,26.89
37565,26.06
37566,25.72
37567,25.36
37568,25.83
37571,26.02
37572,26.19
37573,25.28
37574,25.4
37575,25.5
37578,26.71
37579,26.41
37580,27
37581,27.07
37582,27.73
37585,27.01
37586,26.6
37587,26.87
37592,27.27
37593,27.34
37594,26.8
37595,27.27
37596,27.03
37599,27.29
37600,27.73
37601,27.49
37602,28.2
37603,28.39
37606,30.15
37607,30.04
37608,30.41
37609,30.57
37610,30.57
37613,32.09
37614,32.13
37616,32.61
37617,32.68
37620,31.41
37621,31.21
37623,31.97
37624,33.26
37627,32.29
37628,31.2
37629,30.66
37630,31.95
37631,31.59
37634,32.08
37635,32.42
37636,33.23
37637,33.58
37638,33.88
37642,34.62
37643,34.32
37644,33.9
37645,34.98
37648,32.43
37649,32.7
37650,33.54
37651,33.78
37652,33.51
37655,32.84
37656,33.61
37657,33.91
37658,34.36
37659,35.05
37662,34.46
37663,35.43
37664,35.83
37665,36.63
37666,36.61
37670,36.88
37671,37.02
37672,36.45
37673,36.76
37676,37.29
37677,36.06
37678,37.96
37679,36.83
37680,36.76
37683,36.1
37684,36.95
37685,36.86
37686,37.21
37687,37.76
37690,37.18
37691,36.81
37692,37.87
37693,36.05
37694,35.41
37697,34.92
37698,31.55
37699,30.01
37700,28.62
37701,27.18
37704,29.51
37705,33.42
37706,28.71
37707,30.31
37708,30.21
37711,31.14
37712,29.48
37713,28.55
37714,29.05
37715,28.41
37718,27.76
37719,27.97
37720,28.93
37721,27.2
37722,28.28
37725,28.41
37726,29.46
37727,29.16
37728,30.1
37732,30.76
37733,29.92
37734,28.04
37735,27.52
37736,25.92
37739,25.25
37740,25.32
37741,26.09
37742,26.05
37743,25.74
37746,26.43
37747,25.65
37748,26.24
37749,26.94
37750,27.65
37753,27.34
37754,28.51
37755,29.21
37756,28.57
37757,29.07
37760,28.84
37761,29.29
37762,29.51
37763,29.09
37764,29.74
37768,29.24
37769,28.46
37770,29.15
37771,29.56
37774,30.72
37775,30.78
37776,29.81
37777,30.84
37778,31.26
37781,31.36
37782,31.72
37783,32.17
37784,31.41
37785,30.63
37788,31.14
37789,31.08
37790,30.28
37791,29.86
37792,30.63
37795,30.22
37796,30.05
37797,31.65
37798,28.97
37799,29.18
37802,30.15
37803,30.41
37804,30.29
37805,30.39
37809,30.08
37810,30.32
37811,30.87
37812,31.04
37813,31.33
37816,31.2
37817,31.6
37818,31.2
37819,31.44
37820,31.96
37823,31.67
37824,30.2
37825,30.13
37826,30.72
37827,30.31
37830,29.98
37831,30.21
37832,30.69
37833,30.56
37834,32.23
37837,31.8
37838,32.34
37839,31.77
37840,32.41
37841,32.23
37844,31.91
37845,31.91
37846,30.85
37847,30.85
37848,31.01
37851,30.81
37852,30.76
37853,30.96
37854,31.78
37855,31.64
37858,31.43
37859,32.01
37860,31.18
37861,31.41
37862,31.76
37866,29.57
37867,29.43
37868,28.87
37869,28.93
37872,28.85
37873,29.22
37874,29.41
37875,28.86
37876,28.26
37879,28.15
37880,27.6
37881,27
37882,27.26
37883,26.93
37886,26.97
37887,27
37888,28.19
37889,28.29
37890,28.21
37893,28.35
37894,29.19
37895,29.43
37896,29.83
37897,30.37
37900,30.4
37901,30.48
37902,29.6
37903,30.97
37904,32.01
37907,31.91
37908,31.68
37909,31.74
37910,31.51
37911,30.61
37914,30.37
37915,30.19
37916,30
37917,30.31
37918,29.99
37921,29.95
37922,29.57
37923,28.95
37924,28.67
37925,29.24
37928,28.81
37929,28.86
37930,30.29
37931,30.25
37932,30.73
37935,31.01
37936,31.21
37937,31.37
37938,31.89
37939,32.31
37942,31.75
37943,33.16
37944,32.84
37945,32.87
37946,32.26
37949,29.99
37950,30.02
37951,30.33
37956,29.89
37957,30.74
37958,30.61
37959,31.24
37960,30.68
37963,32.08
37964,31.72
37965,31.92
37966,32.01
37967,33.06
37970,33.17
37971,32.94
37972,33.36
37973,33.72
37974,32.81
37977,31.71
37978,32.03
37979,32.99
37984,32.51
37985,33.01
37986,32.51
37991,33.71
37992,33.54
37993,33.57
37994,34.27
37995,34.38
37998,34.92
37999,34.26
38000,34.62
38001,33.61
38002,35.16
38006,36.21
38007,35.53
38008,35.12
38009,34.94
38012,34.41
38013,33.99
38014,33.63
38015,32.86
38016,33.16
38019,34.02
38020,34.2
38021,33.06
38022,33.26
38023,32.49
38026,32.91
38027,34.03
38028,33.93
38029,34.03
38030,34.51
38034,35.13
38035,35.42
38036,35.81
38037,35.8
38040,35.75
38041,35.85
38042,37.28
38043,35.45
38044,36.08
38047,36.85
38048,36.6
38049,35.8
38050,36.81
38051,37.31
38054,36.53
38055,36.29
38056,36.21
38057,36.95
38058,36.21
38061,37.44
38062,37.36
38063,38.21
38064,37.81
38065,38.09
38068,37.12
38069,37.81
38070,37.06
38071,35.67
38072,35.61
38075,35.41
38076,36.15
38077,35.75
38078,34.47
38079,34.39
38082,34.29
38083,35.09
38084,36.28
38085,37.14
38089,37.79
38090,37.09
38091,36.62
38092,37.74
38093,37.7
38096,37.46
38097,37.61
38098,36.61
38099,37.7
38100,37.22
38103,37.02
38104,37.49
38105,37.23
38106,37.5
38107,37.31
38110,38.26
38111,38.86
38112,39.69
38113,39.41
38114,39.98
38117,38.9
38118,40.3
38119,40.3
38120,40.94
38121,41.42
38124,41.53
38125,40.32
38126,41.61
38127,40.92
38128,39.83
38131,42.03
38132,41.45
38133,40.6
38134,39.25
38135,39.9
38139,42.33
38140,39.96
38141,39.29
38142,38.44
38145,38.72
38146,37.18
38147,37.6
38148,38.45
38152,37.58
38153,37.18
38154,37.33
38155,38.51
38156,38.68
38159,37.69
38160,38.11
38161,37.56
38162,37.81
38163,37.34
38166,36.25
38167,35.6
38168,36.92
38169,38.56
38170,38.37
38174,39.56
38175,39.18
38176,40.27
38177,39.9
38180,39.3
38181,39.55
38182,40.98
38183,40.7
38184,41.1
38187,41.55
38188,40.86
38189,40.63
38190,41.51
38191,41.82
38194,41.45
38195,41.83
38196,42.81
38197,42.69
38198,43.72
38201,43.83
38202,44.13
38203,42.73
38204,44.39
38205,43.95
38208,44.86
38209,44.51
38210,44.72
38211,45.52
38212,46.61
38215,46.02
38216,46.75
38217,47.36
38218,48.66
38219,47.6
38222,46
38223,45.68
38224,43.83
38225,43.06
38226,43.11
38229,42.32
38230,42.23
38231,43.89
38232,44.04
38233,43.94
38237,43.18
38238,42.77
38239,44.53
38240,42.84
38243,43.86
38244,44.62
38245,43.83
38246,44.03
38247,45.63
38250,46.33
38251,47.11
38252,48.41
38253,48.37
38254,48.86
38257,49.56
38258,49.76
38259,49.53
38260,49.56
38261,50.16
38264,49.85
38265,51.08
38266,51.98
38267,52.56
38268,53.4
38271,53.65
38272,53.49
38273,53.86
38274,54.69
38275,54.89
38278,53.59
38279,53.28
38280,54.93
38281,54.51
38282,55.83
38285,55.52
38286,56.37
38287,52.52
38288,50.95
38289,51.78
38292,50.1
38293,49.6
38294,50.9
38295,48.8
38296,49.65
38299,49.1
38300,47.4
38301,48.7
38302,47.5
38303,47.3
38306,46.95
38307,46.1
38308,46.85
38309,46.3
38310,48.9
38313,48.48
38314,48.74
38315,49.14
38320,49.71
38321,49.16
38322,45.56
38323,43.31
38324,42.56
38327,42.96
38328,41.51
38329,41.96
38330,42.41
38331,40.71
38334,41.06
38335,41.76
38336,44.21
38337,44.16
38338,46.31
38341,45.57
38342,45.76
38343,44.05
38344,42.19
38348,41.26
38349,41.78
38350,43.69
38351,43.36
38355,42.16
38356,43.96
38357,43.41
38358,45.51
38359,45.32
38362,45.31
38363,45.66
38364,46.46
38365,48.11
38366,48.41
38370,48.46
38371,47.61
38372,47.01
38373,48.31
38376,48.61
38377,49.43
38378,48.8
38379,48.8
38380,47.15
38383,48.25
38384,47.1
38385,46.65
38386,46.4
38387,46.45
38390,45.35
38391,45.4
38392,45.45
38393,47.05
38394,47.15
38397,47.5
38398,47.3
38399,48.35
38400,47.5
38401,48.45
38405,51
38406,51.73
38407,52.05
38408,52.2
38411,51.75
38412,51.67
38413,53
38414,53.6
38415,53.7
38418,53.9
38419,54.55
38420,54.75
38421,53.52
38422,54.4
38425,54.9
38426,55.05
38427,56.5
38428,56.4
38429,56.8
38432,56.7
38433,55.95
38434,49.43
38435,49.7
38439,54.06
38440,54.26
38441,53.96
38442,55.31
38443,57.26
38446,56.86
38447,55.83
38448,55.88
38449,54.16
38450,53.46
38453,53.71
38454,51.54
38455,50.21
38456,51.11
38457,50.61
38460,50.52
38461,52.33
38462,52.45
38463,52.49
38464,54.16
38467,53.16
38468,54.33
38469,51.37
38470,51.92
38471,49.2
38474,50.94
38475,49.6
38476,50.22
38477,51.12
38478,51.3
38481,52.04
38482,51.76
38483,50.39
38484,48.83
38485,48.65
38488,48.64
38489,48.97
38490,46.99
38491,47
38492,47.25
38495,48.68
38496,49.14
38497,50.37
38498,50.89
38499,51.65
38503,52.08
38504,54.4
38505,53.46
38506,55.08
38509,54.46
38510,53.84
38511,52.51
38512,54.36
38513,53.55
38516,55.47
38517,55.03
38518,55.53
38519,56.48
38520,58.4
38523,59.19
38524,58.9
38525,58.27
38526,59.23
38527,59.63
38530,59.78
38531,58.32
38532,57.23
38533,56.63
38534,59.11
38538,59.71
38539,61.24
38540,60.76
38541,59.71
38544,59.23
38545,60.49
38546,60
38547,57.83
38548,58.36
38551,57.12
38552,57.61
38553,56.73
38554,57.31
38555,57.75
38558,58.16
38559,59.05
38560,59.12
38561,59.91
38562,60.71
38565,61.51
38566,61.87
38567,60.76
38568,61.6
38569,62.44
38572,63.92
38573,63.13
38574,64.8
38575,65.67
38576,66.71
38579,66.21
38580,66.11
38581,63.29
38582,63.47
38583,65.51
38586,65.46
38587,65.81
38588,67.1
38589,67.29
38590,66.05
38593,67.41
38594,69.91
38595,68.63
38596,69.5
38597,66.91
38601,65.83
38602,64.38
38603,64.8
38604,64.21
38607,63.29
38608,63.18
38609,65.2
38610,64.64
38611,62.91
38614,67.21
38615,66.24
38616,66.96
38617,67.07
38618,64.67
38621,65.98
38622,64.94
38623,66.36
38624,66.83
38625,66.21
38628,65.36
38629,63.74
38630,62.56
38631,61.81
38632,61.81
38635,60.71
38636,63.84
38637,64.13
38638,63.05
38639,62.61
38642,64.26
38643,62.94
38644,62.11
38645,61.04
38646,61.05
38649,60.63
38650,62.83
38651,60.85
38652,61.03
38653,61.3
38656,59.8
38657,59.85
38658,59.75
38659,61.7
38660,60.6
38663,59.4
38664,59.7
38665,59.65
38666,57.8
38667,57.45
38670,57.6
38671,57.05
38672,57.85
38673,56.2
38674,56.3
38677,57.75
38678,58.3
38679,58.35
38684,57.36
38685,56.46
38686,57.33
38687,58.46
38688,59.31
38691,59.91
38692,59.96
38693,59.21
38694,60.66
38695,59.41
38698,61.36
38699,61.36
38700,60.86
38701,60.01
38702,58.01
38705,57.31
38706,57.81
38707,58.56
38708,58.08
38709,58.08
38713,58.16
38714,59.81
38715,60.26
38716,61.06
38720,63.11
38721,63.41
38722,62.81
38723,64.21
38726,63.56
38727,63.41
38728,63.91
38729,63.96
38730,63.86
38734,66.36
38735,65.76
38736,66.86
38737,68.16
38740,68.06
38741,66.83
38742,65.6
38743,65.8
38744,67.81
38747,68.36
38748,67.86
38749,66.61
38750,64.71
38751,65.41
38754,65.11
38755,63.01
38756,62.51
38757,62.66
38758,62.01
38761,61.26
38762,59.61
38763,57.61
38764,58.61
38765,59.76
38769,61.21
38770,59.03
38771,58.03
38772,61.46
38775,61.01
38776,61.37
38777,62.01
38778,63.36
38779,63.61
38782,62.46
38783,61.51
38784,60.06
38785,60.51
38786,59.91
38789,61.81
38790,63.01
38791,62.11
38792,63.46
38793,62.81
38796,60.31
38797,60.41
38798,60.03
38799,62.13
38800,63.9
38803,63.75
38804,65.65
38805,66
38806,66.7
38807,66.25
38810,66.07
38811,65.75
38812,66.76
38813,67.22
38814,67.02
38817,68.29
38818,69.03
38819,68.53
38820,69.53
38824,70.3
38825,71.28
38826,72.07
38827,71.96
38828,73.73
38831,70.19
38832,67.43
38833,71.71
38834,70.76
38835,71.8
38838,73.75
38839,74.62
38840,72.26
38841,69.98
38842,70.09
38845,69.75
38846,70.71
38847,72.15
38848,73
38849,71.87
38852,69.25
38853,69.4
38854,68.65
38855,69.63
38856,68.44
38859,69.23
38860,70.78
38861,69.47
38862,70.92
38863,71.35
38867,71.85
38868,71.42
38869,70.11
38870,72.73
38873,72.5
38874,72.43
38875,70.9
38876,70.25
38877,71.62
38880,70.28
38881,68.48
38882,69.12
38883,69.78
38884,69.75
38887,69.21
38888,69.3
38889,70.07
38890,70.62
38891,70.5
38894,71.63
38895,72.05
38896,72.15
38897,73.5
38898,73.94
38903,75.2
38904,75
38905,73.76
38908,73.5
38909,74.05
38910,74.99
38911,76.7
38912,76.8
38915,75.7
38916,73.87
38917,72.79
38918,74
38919,73.52
38922,74.29
38923,73.46
38924,73.82
38925,74.5
38926,73.3
38929,74.56
38930,74.93
38931,76.16
38932,75.59
38933,74.78
38936,77.05
38937,76.29
38938,76.28
38939,74.17
38940,74.38
38943,73.33
38944,72.95
38945,71.64
38946,70.12
38947,70.93
38950,72.45
38951,72.55
38952,71.45
38953,72.02
38954,72.13
38957,70.47
38958,69.74
38959,70.2
38960,70.38
38961,69.24
38965,68.7
38966,67.75
38967,67.37
38968,66.3
38971,65.42
38972,63.81
38973,64.09
38974,63.27
38975,63.3
38978,63.84
38979,61.77
38980,60
38981,61.62
38982,59.79
38985,60.74
38986,60.63
38987,62.96
38988,62.46
38989,62.9
38992,60.96
38993,58.64
38994,59.53
38995,60.02
38996,59.68
38999,59.93
39000,58.5
39001,57.56
39002,58.23
39003,58.69
39006,59.91
39007,58.91
39008,57.66
39009,58.55
39010,57.35
39013,56.74
39014,57.55
39015,59.09
39016,60.27
39017,60.75
39020,58.41
39021,58.72
39022,58.64
39023,57.87
39024,59.13
39027,60.11
39028,58.94
39029,59.93
39030,61.18
39031,59.66
39034,58.59
39035,58.28
39036,58.79
39037,56.23
39038,55.9
39041,56.42
39042,58.01
39043,57.28
39048,60.3
39049,60.97
39050,62.45
39051,62.97
39052,63.43
39055,62.39
39056,62.4
39057,62.2
39058,62.54
39059,62.06
39062,61.26
39063,61.06
39064,61.34
39065,62.48
39066,63.4
39069,62.19
39070,62.87
39071,63.08
39072,62.05
39073,61.81
39077,61.07
39078,60.31
39079,60.39
39080,60.85
39084,60.77
39085,58.31
39086,55.65
39087,56.29
39090,56.08
39091,55.65
39092,53.95
39093,51.91
39094,52.96
39098,51.23
39099,52.3
39100,50.51
39101,51.98
39104,51.11
39105,53.61
39106,54.24
39107,53.49
39108,55.38
39111,54.01
39112,57.03
39113,58.17
39114,57.35
39115,59.01
39118,58.69
39119,58.91
39120,57.75
39121,59.76
39122,59.86
39125,57.76
39126,58.98
39127,58
39128,57.92
39129,59.38
39133,58.32
39134,59.4
39135,60.28
39136,60.28
39139,61.41
39140,61.46
39141,61.78
39142,61.97
39143,61.58
39146,60.05
39147,60.66
39148,61.85
39149,61.63
39150,60.06
39153,58.94
39154,58.03
39155,58.15
39156,57.52
39157,57.06
39160,56.65
39161,56.41
39162,56.98
39163,60.21
39164,61.07
39167,61.77
39168,62.98
39169,64.11
39170,66.1
39171,65.94
39174,66.03
39175,64.59
39176,64.4
39177,64.26
39181,61.51
39182,61.92
39183,61.98
39184,63.87
39185,63.63
39188,63.63
39189,63.14
39190,63.14
39191,61.81
39192,63.56
39195,65.33
39196,64.1
39197,65.33
39198,65.08
39199,66.45
39202,65.78
39203,64.43
39204,63.78
39205,63.23
39206,61.89
39209,61.48
39210,62.26
39211,61.54
39212,61.85
39213,62.35
39216,62.55
39217,63.16
39218,62.57
39219,64.83
39220,64.93
39223,66.25
39224,64.91
39225,65.1
39226,63.62
39227,64.59
39231,63.19
39232,63.47
39233,64.02
39234,65.09
39237,66.17
39238,65.63
39239,65.97
39240,66.93
39241,64.78
39244,65.93
39245,65.36
39246,66.17
39247,67.62
39248,68.04
39251,69.06
39252,69.15
39253,68.5
39254,68.35
39255,68.85
39258,68.83
39259,67.78
39260,68.98
39261,69.61
39262,70.47
39265,71.11
39266,71.41
39268,71.81
39269,72.8
39272,72.14
39273,72.8
39274,72.58
39275,72.55
39276,73.89
39279,74.11
39280,74.03
39281,75.03
39282,75.9
39283,75.53
39286,74.65
39287,73.38
39288,75.74
39289,74.96
39290,77.03
39293,76.82
39294,78.2
39295,76.49
39296,76.84
39297,75.41
39300,72.03
39301,72.25
39302,72.23
39303,71.62
39304,71.49
39307,71.6
39308,72.4
39309,73.36
39310,70.99
39311,71.9
39314,71.12
39315,69.49
39316,69.3
39317,69.86
39318,71.17
39321,71.98
39322,71.79
39323,73.52
39324,73.37
39325,73.98
39329,75.07
39330,75.74
39331,76.34
39332,76.7
39335,77.53
39336,78.16
39337,79.85
39338,80.05
39339,79.14
39342,80.55
39343,81.51
39344,81.99
39345,83.85
39346,83.38
39349,82.51
39350,81.2
39351,80.31
39352,82.86
39353,81.64
39356,80.31
39357,80
39358,79.97
39359,81.48
39360,81.2
39363,78.97
39364,80.23
39365,81.3
39366,83.05
39367,83.73
39370,86.19
39371,87.58
39372,87.19
39373,89.48
39374,88.58
39377,87.6
39378,86.45
39379,88.3
39380,92.09
39381,91.73
39384,93.45
39385,90.33
39386,94.16
39387,93.53
39388,95.81
39391,94.06
39392,96.65
39393,96.46
39394,95.51
39395,96.36
39398,94.4
39399,91.18
39400,94.02
39401,93.37
39402,94.81
39405,95.75
39406,99.16
39407,98.57
39409,98.24
39412,97.66
39413,94.39
39414,90.71
39415,90.98
39416,88.6
39419,89.29
39420,88.31
39421,87.45
39422,90.25
39423,88.23
39426,87.72
39427,90.12
39428,94.41
39429,92.35
39430,91.31
39433,90.69
39434,89.93
39435,91.11
39436,90.88
39437,93.19
39440,94
39442,95.89
39443,96.63
39444,96.03
39447,95.95
39449,99.64
39450,99.17
39451,97.9
39454,95.08
39455,96.43
39456,95.64
39457,93.92
39458,92.74
39461,94.23
39462,91.87
39463,90.8
39464,90.11
39465,90.55
39469,89.64
39470,87.65
39471,89.98
39472,90.37
39475,90.99
39476,91.66
39477,92.34
39478,91.67
39479,89.03
39482,90.07
39483,88.32
39484,87.16
39485,88.07
39486,91.77
39489,93.56
39490,92.82
39491,93.28
39492,95.42
39493,95.57
39497,99.99
39498,100.86
39499,98.57
39500,99.03
39503,99.4
39504,100.83
39505,99.59
39506,102.6
39507,101.78
39510,102.42
39511,99.72
39512,104.45
39513,105.51
39514,105.12
39517,107.9
39518,108.73
39519,109.86
39520,110.21
39521,110.03
39524,105.74
39525,109.57
39526,103.25
39527,102.57
39531,101.7
39532,101.78
39533,105.83
39534,107.56
39535,105.59
39538,101.54
39539,100.92
39540,104.83
39541,103.92
39542,106.09
39545,108.91
39546,108.54
39547,110.89
39548,110.07
39549,110.14
39552,111.71
39553,113.77
39554,114.8
39555,114.8
39556,116.56
39559,117.48
39560,119.17
39561,119.28
39562,117.1
39563,119.64
39566,118.78
39567,115.67
39568,113.7
39569,112.6
39570,116.36
39573,119.94
39574,121.82
39575,123.56
39576,123.77
39577,125.94
39580,124.02
39581,125.83
39582,124.21
39583,124.25
39584,126.5
39587,127.15
39588,128.93
39589,132.99
39590,130.04
39591,131.58
39595,128.81
39596,131
39597,126.7
39598,127.35
39601,127.75
39602,124.33
39603,122.3
39604,127.93
39605,138.51
39608,134.44
39609,131.38
39610,136.43
39611,136.91
39612,134.84
39615,134.52
39616,133.99
39617,136.54
39618,131.88
39619,134.78
39622,135.98
39623,136.49
39624,133.92
39625,138.91
39626,139.69
39629,139.96
39630,141.06
39631,143.74
39632,145.31
39636,141.38
39637,136.06
39638,135.88
39639,141.47
39640,144.96
39643,145.16
39644,138.68
39645,134.63
39646,129.43
39647,128.94
39650,131.43
39651,127.25
39652,123.73
39653,124.62
39654,122.59
39657,124.72
39658,122.21
39659,126.74
39660,124.17
39661,125.03
39664,121.45
39665,118.71
39666,118.57
39667,119.84
39668,115.42
39671,114.44
39672,113.1
39673,115.96
39674,115.05
39675,113.46
39678,112.92
39679,114.39
39680,115.48
39681,121.23
39682,114.48
39685,114.85
39686,116.31
39687,118.17
39688,115.58
39689,115.55
39693,109.63
39694,109.38
39695,107.99
39696,106.47
39699,106.35
39700,103.23
39701,102.66
39702,100.95
39703,101.19
39706,95.52
39707,91.49
39708,97.39
39709,97.5
39710,104.05
39713,122.61
39714,107.85
39715,106.84
39716,111.54
39717,106.77
39720,96.29
39721,100.7
39722,98.23
39723,93.84
39724,93.91
39727,88.15
39728,90.18
39729,88.94
39730,86.5
39731,77.44
39734,81.17
39735,78.69
39736,74.38
39737,69.81
39738,71.9
39741,74.08
39742,71.29
39743,66.92
39744,67.17
39745,63.34
39748,61.92
39749,62.8
39750,67.45
39751,65.79
39752,68.1
39755,63.93
39756,70.41
39757,65.41
39758,60.72
39759,61.06
39762,62.19
39763,59.38
39764,55.95
39765,58.31
39766,57.18
39769,55.14
39770,54.42
39771,53.64
39772,48.86
39773,49.22
39776,53.63
39777,50.02
39778,54.2
39780,55.21
39783,49.34
39784,47.05
39785,46.79
39786,43.8
39787,41.01
39790,43.69
39791,42
39792,43.1
39793,47.77
39794,46.27
39797,44.61
39798,43.84
39799,40.17
39800,36.73
39801,33.17
39804,31.1
39805,30.28
39806,32.94
39808,37.58
39811,39.89
39812,38.95
39813,44.6
39815,46.17
39818,48.61
39819,48.56
39820,42.75
39821,41.68
39822,40.69
39825,37.65
39826,37.77
39827,37.43
39828,35.41
39829,35.38
39833,38.57
39834,42.56
39835,42.33
39836,45.12
39839,46.5
39840,41.67
39841,42.04
39842,41.58
39843,41.73
39846,41.35
39847,40.87
39848,40.27
39849,41.15
39850,40.24
39853,39.58
39854,37.54
39855,35.93
39856,34.03
39857,37.63
39861,34.96
39862,34.67
39863,39.6
39864,39.35
39867,37.66
39868,38.86
39869,41.64
39870,43.18
39871,44.15
39874,40.07
39875,41.57
39876,45.28
39877,43.54
39878,45.43
39881,47.01
39882,45.68
39883,42.46
39884,46.91
39885,46.22
39888,47.33
39889,48.97
39890,48.12
39891,51.46
39892,51.55
39895,53.05
39896,53.36
39897,52.24
39898,53.87
39899,52.41
39902,48.49
39903,49.64
39904,48.46
39905,52.61
39906,52.52
39909,51.1
39910,49.13
39911,49.37
39912,52.24
39916,50.22
39917,49.51
39918,49.26
39919,49.97
39920,50.36
39923,45.82
39924,46.65
39925,47.41
39926,48.46
39927,50.65
39930,49.29
39931,49.01
39932,50.19
39933,50.35
39934,52.18
39937,54.45
39938,53.81
39939,56.29
39940,56.67
39941,58.58
39944,57.79
39945,58.81
39946,58
39947,58.58
39948,56.52
39951,58.99
39952,59.52
39953,61.45
39954,60.49
39955,61.15
39959,62.48
39960,63.41
39961,65.09
39962,66.31
39965,68.59
39966,68.58
39967,66.14
39968,68.8
39969,68.43
39972,68.05
39973,70.02
39974,71.38
39975,72.69
39976,72.13
39979,70.54
39980,70.47
39981,71.07
39982,71.42
39983,69.6
39986,67.09
39987,68.81
39988,68.14
39989,69.7
39990,69.16
39993,71.47
39994,69.82
39995,69.32
39996,66.68
40000,64.06
40001,62.88
40002,60.15
40003,60.36
40004,59.93
40007,59.69
40008,59.62
40009,61.49
40010,62.07
40011,63.56
40014,63.93
40015,64.81
40016,64.58
40017,66.1
40018,66.96
40021,68.34
40022,67.24
40023,63.42
40024,66.9
40025,69.26
40028,71.59
40029,71.4
40030,71.97
40031,71.96
40032,70.97
40035,70.59
40036,69.46
40037,70.08
40038,70.57
40039,67.51
40042,66.72
40043,69.22
40044,72.54
40045,72.4
40046,73.12
40049,73.68
40050,71.6
40051,71.38
40052,72.49
40053,72.72
40056,69.97
40057,68.11
40058,68.03
40059,67.9
40060,67.95
40064,71.08
40065,71.27
40066,71.95
40067,69.34
40070,68.86
40071,70.81
40072,72.5
40073,72.48
40074,71.95
40077,69.74
40078,71.5
40079,68.74
40080,65.74
40081,65.91
40084,66.69
40085,66.56
40086,70.46
40087,70.67
40088,69.8
40091,70.26
40092,70.71
40093,69.6
40094,71.69
40095,71.75
40098,73.24
40099,74.1
40100,75.2
40101,77.55
40102,78.54
40105,79.47
40106,78.87
40107,81.03
40108,80.82
40109,80.11
40112,78.61
40113,79.45
40114,77.39
40115,79.84
40116,77.04
40119,78.08
40120,79.58
40121,80.3
40122,79.64
40123,77.4
40126,79.44
40127,79.01
40128,79.16
40129,77.25
40130,76.34
40133,78.91
40134,79.08
40135,79.55
40136,77.47
40137,76.83
40140,76.49
40141,74.88
40142,77.25
40144,75.95
40147,77.19
40148,78.39
40149,76.62
40150,76.42
40151,75.41
40154,73.89
40155,72.59
40156,70.67
40157,70.54
40158,69.86
40161,69.48
40162,70.62
40163,72.64
40164,72.58
40165,73.3
40168,72.71
40169,73.48
40170,76.03
40171,76.83
40175,78.67
40176,78.87
40177,79.35
40178,79.39
40182,81.52
40183,81.74
40184,83.12
40185,82.6
40186,82.74
40189,82.54
40190,80.79
40191,79.66
40192,79.35
40193,77.96
40197,78.98
40198,77.42
40199,75.84
40200,74.25
40203,74.9
40204,74.67
40205,73.64
40206,73.62
40207,72.85
40210,74.41
40211,77.21
40212,76.96
40213,73.13
40214,71.15
40217,71.87
40218,73.71
40219,74.48
40220,75.23
40221,74.11
40225,76.98
40226,77.27
40227,78.97
40228,79.77
40231,80.04
40232,78.61
40233,79.75
40234,77.99
40235,79.72
40238,78.71
40239,79.62
40240,80.91
40241,80.21
40242,81.5
40245,81.85
40246,81.5
40247,82.07
40248,82.1
40249,81.26
40252,79.79
40253,81.75
40254,82.93
40255,82.16
40256,80.58
40259,81.26
40260,81.68
40261,80.29
40262,80.25
40263,79.75
40266,81.92
40267,82.14
40268,83.45
40269,84.53
40273,86.36
40274,86.54
40275,85.64
40276,85.17
40277,84.6
40280,84.07
40281,83.8
40282,85.62
40283,85.25
40284,82.97
40287,81.52
40288,82.98
40289,82.78
40290,82.89
40291,84.34
40294,84.2
40295,82.43
40296,83.22
40297,85.17
40298,86.07
40301,86.19
40302,82.73
40303,80
40304,77.18
40305,75.1
40308,76.89
40309,76.37
40310,75.65
40311,74.38
40312,71.61
40315,70.08
40316,69.38
40317,69.91
40318,68.28
40319,68.03
40322,68.23
40323,64.78
40324,71.52
40325,74.56
40326,74
40330,72.7
40331,72.88
40332,74.62
40333,71.43
40336,71.55
40337,71.88
40338,74.38
40339,75.48
40340,73.89
40343,74.99
40344,76.84
40345,77.67
40346,76.82
40347,77.18
40350,77.84
40351,77.15
40352,75.9
40353,75.96
40354,78.45
40357,78.26
40358,75.93
40359,75.59
40360,72.95
40361,72.06
40365,71.96
40366,74.05
40367,75.46
40368,76.08
40371,74.93
40372,77.16
40373,77.02
40374,76.67
40375,75.96
40378,76.53
40379,77.32
40380,76.27
40381,79.01
40382,78.68
40385,78.93
40386,77.46
40387,77.06
40388,78.3
40389,78.85
40392,81.25
40393,82.52
40394,82.49
40395,82
40396,80.67
40399,81.46
40400,80.24
40401,78.09
40402,75.68
40403,75.39
40406,75.17
40407,75.76
40408,75.39
40409,74.45
40410,73.45
40413,72.71
40414,71.24
40415,72.07
40416,73.36
40417,75.17
40420,74.69
40421,71.93
40422,73.97
40423,74.99
40424,74.52
40428,73.98
40429,74.65
40430,74.25
40431,76.4
40434,77.17
40435,76.78
40436,75.92
40437,74.58
40438,73.63
40441,74.81
40442,72.96
40443,72.98
40444,73.4
40445,74.63
40448,76.51
40449,76.15
40450,77.85
40451,79.95
40452,81.57
40455,81.43
40456,82.83
40457,83.21
40458,81.34
40459,82.66
40462,82.18
40463,81.67
40464,83.03
40465,82.71
40466,81.23
40469,83.06
40470,79.57
40471,81.93
40472,80.03
40473,81.15
40476,82
40477,82.6
40478,81.9
40479,82.2
40480,81.45
40483,82.94
40484,83.91
40485,84.45
40486,86.49
40487,86.85
40490,87.07
40491,87.04
40492,87.77
40493,87.77
40494,84.89
40497,84.88
40498,82.33
40499,80.43
40500,81.88
40501,81.65
40504,81.24
40505,80.79
40506,83.21
40508,83.87
40511,85.73
40512,84.12
40513,86.75
40514,87.98
40515,89.18
40518,89.33
40519,88.69
40520,88.3
40521,88.35
40522,87.81
40525,88.62
40526,88.33
40527,88.66
40528,87.71
40529,88.02
40532,88.68
40533,89.3
40534,89.83
40535,90.84
40539,90.99
40540,91.48
40541,91.13
40542,89.85
40543,91.38
40546,91.59
40547,89.39
40548,90.3
40549,88.37
40550,88.07
40553,89.24
40554,91.11
40555,91.85
40556,91.39
40557,91.53
40561,91.38
40562,90.85
40563,88.56
40564,88.22
40567,86.74
40568,85.08
40569,86.15
40570,84.45
40571,88.15
40574,90.99
40575,89.54
40576,89.78
40577,89.42
40578,87.87
40581,86.3
40582,85.85
40583,85.59
40584,85.44
40585,84.39
40588,83.66
40589,83.13
40590,83.8
40591,85.05
40592,85.03
40596,92.65
40597,96.04
40598,95.83
40599,96.52
40602,97.1
40603,99.63
40604,102.27
40605,101.92
40606,104.34
40609,105.37
40610,105.06
40611,104.39
40612,102.73
40613,101.14
40616,101.2
40617,97.23
40618,97.99
40619,101.47
40620,101.06
40623,102.36
40624,104.53
40625,105.21
40626,105.04
40627,104.89
40630,103.54
40631,104.34
40632,103.8
40633,106.19
40634,107.55
40637,108.14
40638,107.82
40639,108.38
40640,109.82
40641,112.27
40644,109.5
40645,105.75
40646,106.6
40647,107.73
40648,109.17
40651,106.7
40652,107.18
40653,110.84
40654,111.72
40658,111.68
40659,111.72
40660,112.31
40661,112.38
40662,113.39
40665,113.03
40666,110.6
40667,108.79
40668,99.89
40669,96.87
40672,100.32
40673,103.39
40674,97.88
40675,98.53
40676,99.21
40679,96.91
40680,96.4
40681,99.52
40682,97.99
40683,99.15
40686,97.06
40687,99.13
40688,100.78
40689,100.18
40690,100.58
40694,102.7
40695,100.3
40696,100.41
40697,100.28
40700,99.07
40701,99.18
40702,100.77
40703,101.95
40704,99.3
40707,97.2
40708,99.37
40709,94.83
40710,94.95
40711,93.02
40714,93.23
40715,93.7
40716,94.96
40717,90.7
40718,90.89
40721,90.65
40722,92.9
40723,94.85
40724,95.3
40725,94.81
40729,96.92
40730,96.67
40731,98.7
40732,96.2
40735,95.16
40736,97.41
40737,98.04
40738,95.75
40739,97.24
40742,95.94
40743,97.49
40744,98.11
40745,98.96
40746,99.53
40749,98.97
40750,99.61
40751,97.4
40752,97.48
40753,95.68
40756,94.98
40757,93.78
40758,91.87
40759,86.75
40760,86.89
40763,81.27
40764,79.32
40765,83.05
40766,85.48
40767,85.19
40770,87.88
40771,86.65
40772,87.58
40773,82.38
40774,82.33
40777,84.42
40778,85.35
40779,84.99
40780,85.15
40781,85.37
40784,87.27
40785,88.9
40786,88.81
40787,88.93
40788,86.45
40792,85.99
40793,89.34
40794,89.05
40795,87.24
40798,88.19
40799,90.21
40800,88.91
40801,89.4
40802,87.96
40805,85.7
40806,86.92
40807,85.77
40808,80.29
40809,79.58
40812,79.97
40813,84.18
40814,80.94
40815,81.87
40816,78.93
40819,77.34
40820,75.4
40821,79.41
40822,82.32
40823,82.7
40826,85.14
40827,85.54
40828,85.3
40829,83.96
40830,86.8
40833,86.38
40834,88.34
40835,86.11
40836,86.07
40837,87.19
40840,91.12
40841,92.98
40842,90.2
40843,93.96
40844,93.32
40847,93.19
40848,92.19
40849,92.51
40850,94.07
40851,94.26
40854,95.52
40855,96.8
40856,95.74
40857,97.78
40858,98.99
40861,98.14
40862,99.37
40863,102.59
40864,98.82
40865,97.67
40868,96.73
40869,97.76
40870,96.16
40872,96.91
40875,98.21
40876,99.79
40877,100.36
40878,100.2
40879,100.97
40882,100.94
40883,101.25
40884,100.45
40885,98.35
40886,99.4
40889,97.77
40890,100.24
40891,94.92
40892,93.84
40893,93.55
40896,93.86
40897,97.16
40898,98.54
40899,99.42
40900,99.72
40904,101.29
40905,99.44
40906,99.68
40907,98.83
40911,102.96
40912,103.22
40913,101.81
40914,101.56
40917,101.31
40918,102.24
40919,100.89
40920,99.03
40921,98.69
40925,100.7
40926,100.61
40927,100.32
40928,98.15
40931,99.47
40932,98.84
40933,99.23
40934,99.76
40935,99.47
40938,98.75
40939,98.46
40940,97.63
40941,96.36
40942,97.8
40945,96.89
40946,98.55
40947,98.8
40948,99.88
40949,98.68
40952,100.39
40953,100.82
40954,101.82
40955,102.33
40956,103.27
40960,105.88
40961,105.99
40962,107.44
40963,109.39
40966,108.49
40967,106.59
40968,107.08
40969,108.76
40970,106.68
40973,106.7
40974,104.71
40975,106.16
40976,106.65
40977,107.4
40980,106.34
40981,106.7
40982,105.49
40983,105.19
40984,107.03
40987,108.09
40988,105.68
40989,106.87
40990,104.98
40991,106.43
40994,107.07
40995,107.32
40996,105.4
40997,102.79
40998,103.03
41001,105.25
41002,104.02
41003,101.53
41004,103.29
41008,102.45
41009,101.12
41010,102.66
41011,103.69
41012,102.84
41015,102.92
41016,104.23
41017,102.65
41018,102.38
41019,103.58
41022,102.68
41023,103.1
41024,103.72
41025,104.56
41026,104.86
41029,104.89
41030,106.17
41031,105.25
41032,102.56
41033,98.49
41036,97.86
41037,97.13
41038,96.8
41039,97.1
41040,96.03
41043,94.75
41044,93.97
41045,92.78
41046,92.53
41047,91.51
41050,92.57
41051,91.44
41052,89.4
41053,90.36
41054,90.64
41058,90.75
41059,87.79
41060,86.52
41061,83.17
41064,83.95
41065,84.31
41066,85.05
41067,84.78
41068,84.08
41071,82.58
41072,83.35
41073,82.56
41074,83.83
41075,84.03
41078,83.26
41079,83.99
41080,81.06
41081,77.91
41082,79.33
41085,78.76
41086,79.34
41087,80.27
41088,77.72
41089,85.04
41092,83.72
41093,87.74
41095,87.11
41096,84.37
41099,85.93
41100,83.92
41101,85.88
41102,86.02
41103,87.15
41106,88.41
41107,89.07
41108,89.88
41109,92.78
41110,91.56
41113,87.77
41114,88.28
41115,88.8
41116,89.4
41117,90.13
41120,89.8
41121,88.08
41122,88.99
41123,87.22
41124,91.4
41127,92.3
41128,93.68
41129,93.39
41130,93.39
41131,92.94
41134,92.76
41135,93.4
41136,94.35
41137,95.66
41138,96
41141,96.03
41142,96.55
41143,96.89
41144,95.87
41145,95.78
41148,95.54
41149,96.3
41150,95.5
41151,94.61
41152,96.47
41156,95.34
41157,95.37
41158,95.58
41159,96.41
41162,96.52
41163,97.03
41164,97.02
41165,98.3
41166,98.94
41169,96.51
41170,95.25
41171,91.97
41172,92.14
41173,92.64
41176,91.68
41177,91.07
41178,89.92
41179,91.89
41180,92.18
41183,92.44
41184,91.88
41185,88.19
41186,91.69
41187,89.87
41190,89.43
41191,92.42
41192,91.24
41193,92.19
41194,91.83
41197,91.84
41198,92.07
41199,92.04
41200,92
41201,90
41204,88.3
41205,86.65
41206,85.39
41207,85.59
41208,85.84
41211,85.52
41212,85.65
41213,86.23
41214,87.05
41215,84.9
41218,85.64
41219,88.62
41220,84.5
41221,85.07
41222,86.08
41225,85.56
41226,85.38
41227,86.32
41228,85.45
41229,86.62
41232,89.05
41233,86.46
41234,87.08
41236,87.01
41239,87.28
41240,86.81
41241,86.1
41242,87.64
41243,88.54
41246,88.69
41247,88.04
41248,87.36
41249,85.47
41250,85.45
41253,85.14
41254,85.36
41255,86.35
41256,85.39
41257,86.32
41260,86.71
41261,87.46
41262,89.09
41263,89.76
41264,88.2
41267,88.29
41269,90.71
41270,90.91
41271,90.66
41274,91.83
41276,93.14
41277,92.97
41278,93.12
41281,93.2
41282,93.21
41283,93.08
41284,93.81
41285,93.6
41288,94.27
41289,93.26
41290,94.28
41291,95.49
41292,95.61
41296,96.09
41297,95.06
41298,95.35
41299,95.15
41302,95.95
41303,97.62
41304,97.98
41305,97.65
41306,97.46
41309,96.21
41310,96.68
41311,96.44
41312,95.84
41313,95.71
41316,97.01
41317,97.48
41318,97.03
41319,97.3
41320,95.95
41324,96.69
41325,94.92
41326,92.79
41327,93.12
41330,92.74
41331,92.63
41332,92.84
41333,92.03
41334,90.71
41337,90.13
41338,90.88
41339,90.47
41340,91.53
41341,92.01
41344,92.07
41345,92.44
41346,92.47
41347,93.03
41348,93.49
41351,93.71
41352,92.44
41353,93.21
41354,92.46
41355,93.41
41358,94.55
41359,95.99
41360,96.53
41361,97.24
41365,97.1
41366,97.23
41367,95.02
41368,93.26
41369,92.76
41372,93.36
41373,94.18
41374,94.59
41375,93.44
41376,91.23
41379,88.75
41380,88.73
41381,86.65
41382,87.83
41383,88.04
41386,88.81
41387,89.21
41388,91.07
41389,93.27
41390,92.63
41393,94.09
41394,93.22
41395,90.74
41396,93.7
41397,95.25
41400,95.8
41401,95.28
41402,96.24
41403,96.09
41404,95.81
41407,94.76
41408,93.96
41409,93.95
41410,94.85
41411,95.72
41414,96.29
41415,95.55
41416,93.98
41417,94.12
41418,93.84
41422,94.65
41423,93.13
41424,93.57
41425,91.93
41428,93.41
41429,93.36
41430,93.66
41431,94.71
41432,96.11
41435,95.82
41436,95.5
41437,95.98
41438,96.66
41439,97.83
41442,97.86
41443,98.46
41444,98.24
41445,94.89
41446,93.81
41449,95.07
41450,95.25
41451,95.47
41452,97
41453,96.36
41456,97.94
41457,99.65
41458,101.92
41460,103.09
41463,103.03
41464,103.46
41465,106.41
41466,104.77
41467,105.85
41470,106.2
41471,105.88
41472,106.39
41473,107.94
41474,108
41477,106.61
41478,107.13
41479,105.41
41480,105.47
41481,104.76
41484,104.61
41485,103.14
41486,105.1
41487,107.93
41488,106.94
41491,106.61
41492,105.32
41493,104.41
41494,103.45
41495,106.04
41498,106.19
41499,106.78
41500,106.89
41501,107.43
41502,107.58
41505,107.14
41506,104.9
41507,103.93
41508,104.93
41509,106.48
41512,105.88
41513,109.11
41514,110.17
41515,108.51
41516,107.98
41520,108.67
41521,107.29
41522,108.5
41523,110.62
41526,109.62
41527,107.48
41528,107.65
41529,108.72
41530,108.31
41533,106.54
41534,105.36
41535,108.23
41536,106.26
41537,104.7
41540,103.62
41541,103.22
41542,102.68
41543,103.1
41544,102.86
41547,102.36
41548,102.09
41549,104.15
41550,103.29
41551,103.83
41554,103.07
41555,103.54
41556,101.63
41557,103.08
41558,102.17
41561,102.46
41562,101.15
41563,102.34
41564,100.72
41565,100.87
41568,99.28
41569,97.63
41570,96.9
41571,96.65
41572,97.4
41575,98.74
41576,98.29
41577,96.81
41578,96.29
41579,94.56
41582,94.58
41583,93.4
41584,94.74
41585,94.25
41586,94.56
41589,95.13
41590,93.12
41591,93.91
41592,93.76
41593,93.8
41596,93.03
41597,93.35
41598,93.34
41599,95.35
41600,94.53
41603,93.86
41604,93.41
41605,92.05
41607,92.55
41610,93.61
41611,95.83
41612,96.97
41613,97.14
41614,97.48
41617,97.1
41618,98.32
41619,97.25
41620,97.21
41621,96.27
41624,97.18
41625,96.99
41626,97.59
41627,98.4
41628,99.11
41631,98.62
41632,98.87
41634,99.18
41635,99.94
41638,98.9
41639,98.17
41641,95.14
41642,93.66
41645,93.12
41646,93.31
41647,91.9
41648,91.36
41649,92.39
41652,91.45
41653,92.15
41654,93.78
41655,93.54
41656,93.96
41660,94.51
41661,96.35
41662,97.23
41663,96.66
41666,95.82
41667,97.49
41668,97.34
41669,98.25
41670,97.55
41673,96.44
41674,97.24
41675,97.4
41676,97.84
41677,99.98
41680,100.12
41681,99.96
41682,100.38
41683,100.27
41684,100.31
41688,102.54
41689,103.46
41690,103.2
41691,102.53
41694,103.17
41695,102.2
41696,102.93
41697,102.68
41698,102.88
41701,105.34
41702,103.64
41703,101.75
41704,101.82
41705,102.82
41708,101.39
41709,100.29
41710,98.29
41711,98.57
41712,99.23
41715,98.43
41716,100.08
41717,100.71
41718,99.68
41719,99.97
41722,100.05
41723,99.66
41724,100.61
41725,101.25
41726,101.73
41729,101.57
41730,99.69
41731,99.6
41732,100.29
41733,101.16
41736,100.43
41737,102.57
41738,103.55
41739,103.37
41740,103.68
41743,104.05
41744,103.7
41745,103.71
41746,104.33
41750,104.35
41751,101.69
41752,101.47
41753,102.2
41754,100.85
41757,101.13
41758,101.56
41759,100.07
41760,99.69
41761,100.09
41764,99.74
41765,99.81
41766,101.06
41767,100.52
41768,100.32
41771,100.89
41772,102.01
41773,102.63
41774,101.74
41775,102.31
41778,102.95
41779,102.8
41780,104.31
41781,104.03
41782,105.01
41786,104.78
41787,103.37
41788,104.26
41789,103.4
41792,103.07
41793,103.34
41794,103.27
41795,103.17
41796,103.32
41799,105.09
41800,105.02
41801,105.04
41802,107.2
41803,107.49
41806,107.52
41807,106.95
41808,106.64
41809,107.08
41810,107.95
41813,106.83
41814,106.64
41815,107.04
41816,106.49
41817,106.46
41820,106.07
41821,106.06
41822,105.18
41823,104.76
41827,104.19
41828,104.06
41829,102.93
41830,103.61
41831,101.48
41834,101.73
41835,100.56
41836,101.88
41837,103.84
41838,103.83
41841,105.34
41842,104.59
41843,103.81
41844,102.76
41845,105.23
41848,105.68
41849,104.91
41850,104.29
41851,98.23
41852,97.86
41855,98.26
41856,97.34
41857,96.93
41858,97.34
41859,97.61
41862,98.09
41863,97.36
41864,97.57
41865,95.54
41866,97.3
41869,96.44
41870,94.35
41871,96.4
41872,93.97
41873,93.61
41876,95.39
41877,95.78
41878,95.82
41879,96.44
41880,97.86
41884,92.92
41885,95.5
41886,94.51
41887,93.32
41890,92.64
41891,92.73
41892,91.71
41893,92.89
41894,92.18
41897,92.86
41898,94.91
41899,94.33
41900,93.07
41901,92.43
41904,91.46
41905,91.55
41906,93.6
41907,93.59
41908,95.55
41911,94.53
41915,89.76
41918,90.33
41919,88.89
41920,87.29
41921,85.76
41922,85.87
41925,85.73
41926,81.72
41927,81.82
41928,82.33
41929,82.8
41932,82.76
41933,83.25
41934,80.52
41935,82.81
41936,81.27
41939,81.26
41940,81.36
41941,82.25
41942,81.06
41943,80.53
41946,78.77
41947,77.15
41948,78.71
41949,77.87
41950,78.71
41953,77.43
41954,77.85
41955,77.16
41956,74.13
41957,75.91
41960,75.64
41961,74.55
41962,74.55
41963,75.63
41964,76.52
41967,75.74
41968,74.04
41969,73.7
41971,65.94
41974,68.98
41975,66.99
41976,67.3
41977,66.73
41978,65.89
41981,63.13
41982,63.74
41983,60.99
41984,60.01
41985,57.81
41988,55.96
41989,55.97
41990,56.43
41991,54.18
41992,56.91
41995,55.25
41996,56.78
41997,55.7
41999,54.59
42002,53.46
42003,54.14
42004,53.45
42006,52.72
42009,50.05
42010,47.98
42011,48.69
42012,48.8
42013,48.35
42016,46.06
42017,45.92
42018,48.49
42019,46.37
42020,48.49
42024,46.79
42025,47.85
42026,45.93
42027,45.26
42030,44.8
42031,45.84
42032,44.08
42033,44.12
42034,47.79
42037,49.25
42038,53.04
42039,48.45
42040,50.48
42041,51.66
42044,52.99
42045,50.06
42046,48.8
42047,51.17
42048,52.66
42052,53.56
42053,52.13
42054,51.12
42055,49.95
42058,49.56
42059,48.48
42060,50.25
42061,47.65
42062,49.84
42065,49.59
42066,50.43
42067,51.53
42068,50.76
42069,49.61
42072,49.95
42073,48.42
42074,48.06
42075,47.12
42076,44.88
42079,43.93
42080,43.39
42081,44.63
42082,44.02
42083,46
42086,47.4
42087,47.03
42088,48.75
42089,51.41
42090,48.83
42093,48.66
42094,47.72
42095,50.12
42096,49.13
42100,52.08
42101,53.95
42102,50.44
42103,50.79
42104,51.63
42107,51.95
42108,53.3
42109,56.25
42110,56.69
42111,55.71
42114,56.37
42115,55.58
42116,56.17
42117,56.59
42118,55.98
42121,55.56
42122,57.05
42123,58.55
42124,59.62
42125,59.1
42128,58.92
42129,60.38
42130,60.93
42131,58.99
42132,59.41
42135,59.23
42136,60.72
42137,60.5
42138,59.89
42139,59.73
42142,59.44
42143,57.3
42144,58.96
42145,60.18
42146,58.88
42150,57.29
42151,57.51
42152,57.69
42153,60.25
42156,60.24
42157,61.3
42158,59.67
42159,58
42160,59.11
42163,58.15
42164,60.15
42165,61.36
42166,60.74
42167,59.96
42170,59.53
42171,60.01
42172,59.89
42173,60.41
42174,59.62
42177,60.01
42178,61.05
42179,60.01
42180,59.59
42181,59.41
42184,58.34
42185,59.48
42186,56.94
42187,56.93
42191,52.48
42192,52.33
42193,51.61
42194,52.76
42195,52.74
42198,52.19
42199,53.05
42200,51.4
42201,50.9
42202,50.88
42205,50.11
42206,50.59
42207,49.27
42208,48.11
42209,47.98
42212,47.17
42213,47.97
42214,48.77
42215,48.53
42216,47.11
42219,45.25
42220,45.75
42221,45.13
42222,44.69
42223,43.87
42226,44.94
42227,43.11
42228,43.22
42229,42.27
42230,42.45
42233,41.93
42234,42.58
42235,40.75
42236,41
42237,40.45
42240,38.22
42241,39.15
42242,38.5
42243,42.47
42244,45.29
42247,49.2
42248,45.38
42249,46.3
42250,46.75
42251,46.02
42255,45.92
42256,44.13
42257,45.85
42258,44.75
42261,44.07
42262,44.58
42263,47.12
42264,46.93
42265,44.71
42268,46.67
42269,46.17
42270,44.53
42271,44.94
42272,45.55
42275,44.4
42276,45.24
42277,45.06
42278,44.75
42279,45.54
42282,46.28
42283,48.53
42284,47.86
42285,49.46
42286,49.67
42289,47.09
42290,46.7
42291,46.63
42292,46.38
42293,47.3
42296,45.91
42297,45.84
42298,45.22
42299,44.9
42300,43.91
42303,43.19
42304,43.21
42305,45.93
42306,46.02
42307,46.6
42310,46.12
42311,47.88
42312,46.32
42313,45.27
42314,44.32
42317,43.87
42318,44.23
42319,42.95
42320,41.74
42321,40.69
42324,41.68
42325,40.73
42326,40.75
42327,40.55
42328,39.39
42331,39.27
42332,40.89
42333,41.22
42334,41.22
42335,40.57
42338,40.43
42339,40.58
42340,39.93
42341,41.08
42342,40
42345,37.64
42346,37.46
42347,37.16
42348,36.76
42349,35.65
42352,36.31
42353,37.32
42354,35.55
42355,34.98
42356,34.72
42359,34.55
42360,36.12
42361,36.76
42362,37.62
42363,37.6
42366,36.36
42367,37.88
42368,36.59
42369,37.13
42370,37.13
42373,36.81
42374,35.97
42375,33.97
42376,33.29
42377,33.2
42380,31.42
42381,30.42
42382,30.42
42383,31.22
42384,29.45
42388,28.47
42389,26.68
42390,29.55
42391,32.07
42394,30.31
42395,29.54
42396,32.32
42397,33.21
42398,33.66
42401,31.62
42402,29.9
42403,32.29
42404,31.63
42405,30.86
42408,29.71
42409,27.96
42410,27.54
42411,26.19
42412,29.32
42416,29.05
42417,30.68
42418,30.77
42419,29.59
42422,31.37
42423,31.84
42424,30.35
42425,31.4
42426,31.65
42429,32.74
42430,34.39
42431,34.57
42432,34.56
42433,35.91
42436,37.9
42437,36.67
42438,37.62
42439,37.77
42440,38.51
42443,37.2
42444,36.32
42445,38.43
42446,40.17
42447,39.47
42450,39.91
42451,41.45
42452,38.28
42453,38.14
42457,37.99
42458,36.91
42459,36.91
42460,36.94
42461,35.36
42464,34.3
42465,34.52
42466,37.74
42467,37.3
42468,39.74
42471,40.46
42472,42.12
42473,41.7
42474,41.45
42475,40.4
42478,39.74
42479,40.88
42480,42.72
42481,43.18
42482,42.76
42485,41.67
42486,42.52
42487,45.29
42488,46.03
42489,45.98
42492,44.75
42493,43.65
42494,43.77
42495,44.33
42496,44.58
42499,43.45
42500,44.68
42501,46.21
42502,46.64
42503,46.22
42506,47.72
42507,48.29
42508,48.12
42509,48.16
42510,47.67
42513,48.12
42514,48.04
42515,49.1
42516,49
42517,49.36
42521,49.1
42522,49.07
42523,49.14
42524,48.69
42527,49.71
42528,50.37
42529,51.23
42530,50.52
42531,49.09
42534,48.89
42535,48.49
42536,47.92
42537,46.14
42538,48
42541,49.4
42542,48.95
42543,49.16
42544,49.34
42545,46.7
42548,45.8
42549,47.93
42550,49.85
42551,48.27
42552,49.02
42556,46.73
42557,47.37
42558,45.22
42559,45.37
42562,44.73
42563,46.82
42564,44.87
42565,45.64
42566,45.93
42569,45.23
42570,44.64
42571,44.96
42572,43.96
42573,43.41
42576,42.4
42577,42.16
42578,41.9
42579,41.13
42580,41.54
42583,40.05
42584,39.5
42585,40.8
42586,41.92
42587,41.83
42590,43.06
42591,42.78
42592,41.75
42593,43.51
42594,44.47
42597,45.72
42598,46.57
42599,46.81
42600,48.2
42601,48.48
42604,46.8
42605,47.54
42606,46.29
42607,46.97
42608,47.64
42611,46.97
42612,46.32
42613,44.68
42614,43.17
42615,44.39
42618,44.39
42619,44.85
42620,45.47
42621,47.63
42622,45.88
42625,46.28
42626,44.91
42627,43.62
42628,43.85
42629,43.04
42632,43.34
42633,43.85
42634,45.33
42635,46.1
42636,44.36
42639,45.6
42640,44.65
42641,47.07
42642,47.72
42643,47.72
42646,48.8
42647,48.67
42648,49.75
42649,50.44
42650,49.76
42653,49.76
42654,50.72
42655,50.14
42656,50.47
42657,50.35
42660,49.97
42661,50.3
42662,51.59
42663,50.31
42664,50.61
42667,50.18
42668,49.45
42669,48.75
42670,49.71
42671,48.72
42674,46.83
42675,46.66
42676,45.32
42677,44.66
42678,44.07
42681,44.88
42682,44.96
42683,45.2
42684,44.62
42685,43.39
42688,43.29
42689,45.86
42690,45.56
42691,45.37
42692,45.69
42695,47.48
42696,48.07
42697,46.72
42699,46.72
42702,45.66
42703,45.29
42704,49.41
42705,51.08
42706,51.7
42709,51.72
42710,50.95
42711,49.85
42712,50.84
42713,51.51
42716,52.74
42717,52.99
42718,51.01
42719,50.9
42720,51.93
42723,52.13
42724,52.22
42725,51.44
42726,51.98
42727,52.01
42731,52.82
42732,54.01
42733,53.8
42734,53.75
42738,52.36
42739,53.26
42740,53.77
42741,53.98
42744,51.95
42745,50.82
42746,52.19
42747,53.01
42748,52.36
42752,52.45
42753,51.12
42754,51.39
42755,52.33
42758,52.77
42759,52.38
42760,52.14
42761,53.24
42762,53.18
42765,52.63
42766,52.75
42767,53.9
42768,53.55
42769,53.81
42772,53.01
42773,52.19
42774,52.37
42775,52.99
42776,53.84
42779,52.96
42780,53.21
42781,53.11
42782,53.41
42783,53.41
42787,54.02
42788,53.61
42789,54.48
42790,53.99
42793,54.04
42794,54
42795,53.82
42796,52.63
42797,53.33
42800,53.19
42801,52.68
42802,49.83
42803,48.75
42804,48.05
42807,47.95
42808,47.24
42809,48.34
42810,48.3
42811,48.34
42814,47.79
42815,47.02
42816,47.29
42817,47
42818,47.3
42821,47.02
42822,48.36
42823,49.47
42824,50.3
42825,50.54
42828,50.25
42829,50.99
42830,51.14
42831,51.69
42832,52.25
42835,53.06
42836,53.38
42837,53.12
42838,53.19
42842,52.62
42843,52.46
42844,50.49
42845,50.26
42846,49.64
42849,48.9
42850,49.22
42851,49.22
42852,48.96
42853,49.31
42856,48.83
42857,47.65
42858,47.79
42859,45.55
42860,46.23
42863,46.46
42864,45.84
42865,47.28
42866,47.81
42867,47.83
42870,48.86
42871,48.64
42872,49.04
42873,49.36
42874,50.32
42877,50.81
42878,51.12
42879,50.99
42880,48.57
42881,49.58
42885,49.63
42886,48.29
42887,48.32
42888,47.68
42891,47.4
42892,48.13
42893,45.8
42894,45.68
42895,45.82
42898,46.1
42899,46.41
42900,44.79
42901,44.47
42902,44.73
42905,44.24
42906,43.34
42907,42.48
42908,42.53
42909,42.86
42912,43.24
42913,44.25
42914,44.74
42915,44.88
42916,46.02
42921,45.11
42922,45.52
42923,44.25
42926,44.4
42927,45.06
42928,45.48
42929,46.06
42930,46.53
42933,46.02
42934,46.4
42935,47.1
42936,46.73
42937,45.78
42940,46.21
42941,47.77
42942,48.58
42943,49.05
42944,49.72
42947,50.21
42948,49.19
42949,49.6
42950,49.03
42951,49.57
42954,49.37
42955,49.07
42956,49.59
42957,48.54
42958,48.81
42961,47.59
42962,47.57
42963,46.8
42964,47.07
42965,48.59
42968,47.39
42969,47.65
42970,48.45
42971,47.24
42972,47.65
42975,46.4
42976,46.46
42977,45.96
42978,47.26
42979,47.32
42983,48.63
42984,49.13
42985,49.1
42986,47.44
42989,48.06
42990,48.21
42991,49.3
42992,49.86
42993,49.9
42996,49.88
42997,49.54
42998,50.29
42999,50.58
43000,50.33
43003,51.85
43004,51.59
43005,52.14
43006,51.62
43007,51.67
43010,50.59
43011,50.44
43012,50
43013,50.79
43014,49.34
43017,49.58
43018,50.93
43019,51.3
43020,50.61
43021,51.43
43024,51.86
43025,51.87
43026,52.05
43027,51.29
43028,51.63
43031,51.91
43032,52.32
43033,51.97
43034,52.41
43035,53.92
43038,54.11
43039,54.36
43040,54.32
43041,54.55
43042,55.63
43045,57.34
43046,57.19
43047,56.82
43048,57.16
43049,56.75
43052,56.77
43053,55.67
43054,55.28
43055,55.14
43056,56.21
43059,56.21
43060,56.84
43061,57.88
43063,58.94
43066,58.1
43067,57.96
43068,57.25
43069,57.4
43070,58.35
43073,57.48
43074,57.66
43075,55.79
43076,56.5
43077,57.15
43080,57.84
43081,57.12
43082,56.59
43083,57
43084,57.29
43087,57.17
43088,57.49
43089,58.09
43090,58.34
43091,58.25
43095,59.55
43096,59.67
43097,59.84
43098,60.46
43102,60.37
43103,61.61
43104,61.98
43105,61.49
43108,61.73
43109,62.92
43110,63.6
43111,63.81
43112,64.22
43116,63.82
43117,63.92
43118,63.96
43119,63.38
43122,63.66
43123,64.45
43124,65.69
43125,65.62
43126,66.27
43129,65.71
43130,64.64
43131,64.82
43132,65.92
43133,65.5
43136,64.18
43137,63.48
43138,61.91
43139,61.3
43140,59.2
43143,59.41
43144,59.33
43145,60.7
43146,61.48
43147,61.89
43151,61.91
43152,61.73
43153,62.72
43154,63.52
43157,63.81
43158,62.94
43159,61.43
43160,60.98
43161,61.19
43164,62.49
43165,62.54
43166,61.09
43167,60.13
43168,62.02
43171,61.35
43172,60.69
43173,60.89
43174,61.16
43175,62.29
43178,62.01
43179,63.37
43180,65.1
43181,64.25
43182,65.8
43185,65.49
43186,65.21
43187,64.3
43188,64.87
43192,63.05
43193,63.41
43194,63.35
43195,63.53
43196,62.03
43199,63.4
43200,65.48
43201,66.81
43202,67.07
43203,67.35
43206,66.23
43207,66.5
43208,68.44
43209,68.3
43210,68.26
43213,67.61
43214,67.66
43215,68
43216,68.18
43217,68.11
43220,68.56
43221,67.28
43222,67.91
43223,68.45
43224,69.71
43227,70.74
43228,68.83
43229,71.16
43230,71.36
43231,70.69
43234,71.01
43235,71.34
43236,71.43
43237,71.47
43238,71.23
43241,72.26
43242,72.09
43243,71.85
43244,70.77
43245,67.92
43249,66.8
43250,68.24
43251,66.98
43252,65.81
43255,64.76
43256,65.51
43257,64.75
43258,65.96
43259,65.77
43262,66.1
43263,66.38
43264,66.63
43265,66.91
43266,65.01
43269,65.91
43270,65.09
43271,65.92
43272,65.68
43273,69.02
43276,69.91
43277,75.23
43278,77.41
43279,73.45
43280,74.13
43283,73.89
43284,74.19
43286,73.05
43287,73.78
43290,73.93
43291,74.11
43292,70.47
43293,70.28
43294,71.03
43297,68.22
43298,68.03
43299,68.78
43300,69.42
43301,70.31
43304,67.9
43305,70.77
43306,71.13
43307,71.59
43308,68.66
43311,71.19
43312,69.88
43313,68.8
43314,68.95
43315,68.49
43318,69.01
43319,69.17
43320,66.92
43321,66.81
43322,67.61
43325,67.25
43326,67.04
43327,65.07
43328,65.44
43329,65.93
43332,66.5
